,IMSDB_Title,RT_Title,CriticScore,AudienceScore
0,abyss,ABYSS,89.0,83.0
1,after-school-special,NATIONAL-LAMPOON'S-BARELY-LEGAL,,25.0
2,alien-3,ALIEN-3,48.0,47.0
3,american-madness,AMERICAN-MADNESS,,81.0
4,american-milkshake,MILKSHAKE,0.0,42.0
5,american-shaolin-king-of-kickboxers-ii,AMERICAN-SHAOLIN:-KING-OF-THE-KICKBOXERS-II,,48.0
6,american-werewolf-in-london,AN-AMERICAN-WEREWOLF-IN-LONDON,89.0,85.0
7,amityville-asylum,THE-AMITYVILLE-ASYLUM,,3.0
8,arcade,ARCADE,,30.0
9,arctic-blue,ARCTIC-BLUE,,15.0
10,austin-powers---international-man-of-mystery,AUSTIN-POWERS:-INTERNATIONAL-MAN-OF-MYSTERY,73.0,77.0
11,austin-powers---the-spy-who-shagged-me,AUSTIN-POWERS:-THE-SPY-WHO-SHAGGED-ME,53.0,71.0
12,avventura,L'AVVENTURA,94.0,88.0
13,bachelor-party,BACHELOR-PARTY,54.0,56.0
14,bachelor-party,BACHELOR-PARTY,,
15,back-to-the-future-ii-&-iii,BACK-TO-THE-FUTURE-PART-III,80.0,78.0
16,backdraft,BACKDRAFT,73.0,75.0
17,bad-country,BAD-COUNTRY,,41.0
18,bad-dreams,BAD-DREAMS,38.0,42.0
19,bamboozled,BAMBOOZLED,53.0,74.0
20,batman,BATMAN,76.0,84.0
21,batman-2,NOTFOUND,,
22,batman-and-robin,BATMAN-&-ROBIN,12.0,16.0
23,battle-of-algiers,THE-BATTLE-OF-ALGIERS:-A-FILM-WITHIN-HISTORY,,
24,beasts-of-no-nation,BEASTS-OF-NO-NATION,91.0,92.0
25,big-blue,BIG-BLUE-LAKE,,80.0
26,bodies,BODIES,,
27,body-heat,BODY-HEAT,96.0,81.0
28,boondock-saints-2-all-saints-day,THE-BOONDOCK-SAINTS-II:-ALL-SAINTS-DAY,22.0,58.0
29,brazil,BRAZIL,98.0,90.0
30,break,BREAK,,
31,candle-to-water,CANDLE-TO-WATER,,
32,celeste-&-jesse-forever,CELESTE-AND-JESSE-FOREVER,70.0,62.0
33,chaos,CHAOS,,
34,chasing-sleep,CHASING-SLEEP,50.0,49.0
35,cherry-falls,CHERRY-FALLS,63.0,40.0
36,christ-complex,CHRIST-COMPLEX,,100.0
37,Chronicles-of-Narnia-The-Lion-the-Witch-and-the-Wardrobe,THE-CHRONICLES-OF-NARNIA:-THE-LION-THE-WITCH-AND-THE-WARDROBE,75.0,61.0
38,cinema-paradiso,CINEMA-PARADISO,90.0,96.0
39,clockwork-orange,CLOCKWORK-ORANGE-COUNTY:-THE-RISE-OF-WEST-COAST-PUNK-ROCK!,,
40,crazy,C.R.A.Z.Y.,100.0,93.0
41,crazylove,CRAZYLOVE,,56.0
42,crouching-tiger,CROUCHING-TIGER-HIDDEN-DRAGON,98.0,86.0
43,croupier,CROUPIER,95.0,79.0
44,crow-salvation,THE-CROW:-SALVATION,18.0,43.0
45,custody,CUSTODY,,52.0
46,dark-star,DARK-STAR:-H.R.-GIGER'S-WORLD,64.0,62.0
47,dave-barry's-complete-guide-to-guys,DAVE-BARRY'S-COMPLETE-GUIDE-TO-GUYS,,20.0
48,day-the-clown-cried,THE-CLOWN-CHAINSAW-MASSACRE,,
49,distinguished-gentleman,NOTFOUND,,
50,dogma,DOGMA,68.0,85.0
51,dry-white-season,A-DRY-WHITE-SEASON,82.0,76.0
52,e.t.,E.T.-THE-EXTRA-TERRESTRIAL,99.0,72.0
53,ed-tv,EDTV,63.0,30.0
54,elvis,ELVIS,77.0,94.0
55,escape-from-l.a.,JOHN-CARPENTER'S-ESCAPE-FROM-L.A.,54.0,39.0
56,even-cowgirls-get-the-blues,EVEN-COWGIRLS-GET-THE-BLUES,17.0,28.0
57,evil-dead-ii-dead-by-dawn,EVIL-DEAD-2,88.0,89.0
58,executive-decision,EXECUTIVE-DECISION,63.0,53.0
59,fabulous-baker-boys,THE-FABULOUS-BAKER-BOYS,97.0,70.0
60,face-off,FACE-OFF-6:-THE-TICKET-OF-DESTINY,,90.0
61,fairytale-a-true-story,FAIRY-TALE:-A-TRUE-STORY,56.0,66.0
62,fantastic-mr-fox,FANTASTIC-MR.-FOX,93.0,85.0
63,freaked,FREAKED,50.0,66.0
64,fright-night-(1985),FRIGHT-NIGHT-PART-2,36.0,43.0
65,frozen-(disney),FROZEN,90.0,85.0
66,glengarry-glen-gross,GLENGARRY-GLEN-ROSS,95.0,88.0
67,godfather-part-ii,THE-GODFATHER-PART-II,96.0,97.0
68,godfather-part-iii,THE-GODFATHER-PART-III,66.0,67.0
69,good-girl,GOOD-GIRL,,
70,gremlins-2,GREMLINS-2:-THE-NEW-BATCH,71.0,59.0
71,grosse-point-blank,GROSSE-POINTE-BLANK,82.0,87.0
72,guardians-of-the-galaxy-vol-2,GUARDIANS-OF-THE-GALAXY-VOL.-2,85.0,87.0
73,halloween-the-curse-of-michael-myers,HALLOWEEN:-THE-CURSE-OF-MICHAEL-MYERS,8.0,36.0
74,happy-birthday,HAPPY-BIRTHDAY,,
75,harold-and-kumar-go-to-white-castle,HAROLD-&-KUMAR-GO-TO-WHITE-CASTLE,74.0,80.0
76,harry-potter-and-the-deathly-hallows-part-1,HARRY-POTTER-AND-THE-DEATHLY-HALLOWS:-PART-1,77.0,85.0
77,hellboy-2-the-golden-army,HELLBOY-II:-THE-GOLDEN-ARMY,86.0,71.0
78,hellraiser-3-hell-on-earth,HELLRAISER-III:-HELL-ON-EARTH,38.0,35.0
79,i,I,,
80,indiana-jones-and-the-raiders-of-the-lost-ark,RAIDERS-OF-THE-LOST-ARK:-THE-ADAPTATION,100.0,82.0
81,indiana-jones-iv,YOUNG-INDIANA-JONES-AND-THE-TRENCHES-OF-HELL,,71.0
82,jennifer-eight,JENNIFER-EIGHT,39.0,39.0
83,jerry-maguire,JERRY-MAGUIRE,84.0,79.0
84,jeux-interdits,FORBIDDEN-GAMES,100.0,92.0
85,jojo-rabbit,JOJO-RABBIT,80.0,94.0
86,jurassic-park-the-lost-world,JURASSIC-PARK,92.0,91.0
87,kafka,KAFKA,52.0,72.0
88,kids,KIDS,,
90,killers-of-the-flower-moon,KILLERS-OF-THE-FLOWER-MOON,93.0,84.0
91,kramer-vs-kramer,KRAMER-VS.-KRAMER,89.0,89.0
92,kundun,KUNDUN,74.0,78.0
93,labor-of-love,LABOR-OF-LOVE,57.0,90.0
94,last-flight,LAST-FLIGHT-HOME,95.0,
95,le-diable-par-la-queue,LIMIT-UP,,
96,les-tontons-flingueurs,MEAN-GUNS,,52.0
97,liar-liar,LIAR-LIAR,,68.0
98,little-athens,LITTLE-ATHENS,40.0,31.0
99,lock,LOCK-STOCK-AND-TWO-SMOKING-BARRELS,75.0,93.0
100,lord-of-the-rings-fellowship-of-the-ring,THE-LORD-OF-THE-RINGS:-THE-FELLOWSHIP-OF-THE-RING,91.0,95.0
101,lord-of-the-rings-return-of-the-king,THE-LORD-OF-THE-RINGS:-THE-RETURN-OF-THE-KING,94.0,86.0
102,man-trouble,MAN-TROUBLE,7.0,14.0
103,mariachi,EL-MARIACHI,91.0,76.0
104,master-and-commander,MASTER-AND-COMMANDER:-THE-FAR-SIDE-OF-THE-WORLD,85.0,80.0
105,men-in-black-3,MEN-IN-BLACK-3,67.0,70.0
106,mighty-morphin-power-rangers-the-movie,MIGHTY-MORPHIN-POWER-RANGERS:-THE-MOVIE,32.0,57.0
107,mimic,MIMICRY-FREAKS,,
108,mini's-first-time,MINI'S-FIRST-TIME,54.0,47.0
109,mission-impossible,MISSION:-IMPOSSIBLE---DEAD-RECKONING-PART-TWO,,
110,mission-impossible-ii,MISSION:-IMPOSSIBLE---DEAD-RECKONING-PART-TWO,,
111,mr-blandings-builds-his-dream-house,MR.-BLANDINGS-BUILDS-HIS-DREAM-HOUSE,86.0,76.0
112,mr-brooks,MR.-BROOKS,55.0,76.0
113,mr-deeds-goes-to-town,MR.-DEEDS-GOES-TO-TOWN,91.0,86.0
114,mute-witness,MUTE-WITNESS,83.0,66.0
115,my-mother-dreams-the-satan's-disciples-in-new-york,THE-RELIGION-HOUR-(MY-MOTHER'S-SMILE),83.0,80.0
116,ni-vu-ni-connu,PRETEND-YOU-DON'T-SEE-HER,,36.0
117,night-time-(the-poltergeist-treatment),MURDER-ON-THE-MIDNIGHT-EXPRESS,,
118,nightmare-on-elm-street,A-NIGHTMARE-ON-ELM-STREET-5:-THE-DREAM-CHILD,30.0,31.0
119,nightmare-on-elm-street-the-final-chapter,FREDDY'S-DEAD:-THE-FINAL-NIGHTMARE,22.0,32.0
120,o-brother-where-art-thou?,O-BROTHER-WHERE-ART-THOU?,78.0,89.0
121,officer-and-a-gentleman,AN-OFFICER-AND-A-GENTLEMAN,79.0,81.0
122,passion-of-joan-of-arc,THE-PASSION-OF-JOAN-OF-ARC,98.0,93.0
123,perfect-creature,PERFECT-CREATURE,,36.0
124,perfect-world,PERFECT-WORLD,,
125,pet-sematary-ii,PET-SEMATARY-TWO,21.0,31.0
126,pirates-of-the-caribbean,NOTFOUND,,
127,pokemon-mewtwo-returns,POKï¿½MON:-MEWTWO-RETURNS,0.0,60.0
128,precious,"PRECIOUS-BASED-ON-THE-NOVEL-""PUSH""-BY-SAPPHIRE",92.0,77.0
129,pretty-woman-(final-script),FINAL-DRESS,,
130,producer,THE-PRODUCERS,91.0,85.0
131,quantum-project,,,
132,rambo-first-blood-ii-the-mission,RAMBO:-FIRST-BLOOD-PART-II,33.0,60.0
133,reindeer-games,REINDEER-GAMES-HOMECOMING,,80.0
134,return-of-the-apes,THERE'S-A-NOOSE-WAITING-FOR-YOU...TRINITY!,,
135,ringu,THE-RING,98.0,81.0
136,rko-281,RKO-281,92.0,75.0
137,romeo-&-juliet,ROMEO-&-JULIET,,
138,roughshod,ROUGHSHOD,,50.0
139,rust-and-bone,RUST-AND-BONE,82.0,80.0
140,s.-darko,S.-DARKO-A-DONNIE-DARKO-TALE,13.0,18.0
141,sandlot-kids,THE-SANDLOT-2,40.0,41.0
142,scott-pilgrim-vs-the-world,SCOTT-PILGRIM-VS.-THE-WORLD,82.0,84.0
143,se7en,SEVEN,83.0,95.0
144,sense-and-sensibility,SENSE-AND-SENSIBILITY,97.0,90.0
145,seventh-seal,THE-SEVENTH-SEAL,93.0,93.0
146,sex,SEX-LIES-AND-VIDEOTAPE,96.0,79.0
147,sexual-life,SEXUAL-LIFE,,42.0
148,shivers,SHIVERS,,83.0
149,silver-bullet,SILVER-BULLET,41.0,56.0
150,sleepless-in-seattle,SLEEPLESS-IN-SEATTLE,75.0,75.0
151,south-park,SOUTH-PARK:-JOINING-THE-PANDERVERSE,,97.0
152,space-milkshake,,96.0,
153,spare-me,SPARE-CHANGE,,
154,star-trek-generations,STAR-TREK-GENERATIONS,48.0,57.0
155,star-wars-a-new-hope,STAR-WARS:-EPISODE-IV---A-NEW-HOPE,93.0,96.0
156,star-wars-attack-of-the-clones,STAR-WARS:-EPISODE-II---ATTACK-OF-THE-CLONES,65.0,56.0
157,star-wars-return-of-the-jedi,STAR-WARS:-EPISODE-VI---RETURN-OF-THE-JEDI,83.0,94.0
158,star-wars-revenge-of-the-sith,STAR-WARS:-EPISODE-III---REVENGE-OF-THE-SITH,79.0,66.0
159,star-wars-the-empire-strikes-back,STAR-WARS:-EPISODE-V---THE-EMPIRE-STRIKES-BACK,95.0,97.0
160,star-wars-the-force-awakens,STAR-WARS:-THE-FORCE-AWAKENS,93.0,85.0
161,star-wars-the-phantom-menace,STAR-WARS:-EPISODE-I---THE-PHANTOM-MENACE,52.0,59.0
162,station-west,STATION-WEST,,44.0
163,strange-days,STRANGE-DAYS,68.0,73.0
164,strangers-on-a-train,STRANGERS-ON-A-TRAIN,98.0,92.0
165,stuntman,STUNTMAN,100.0,89.0
166,sugar-and-spice,SUGAR-&-SPICE,29.0,42.0
167,sunset-blvd.,SUNSET-BOULEVARD,98.0,95.0
168,superfights,SUPERFIGHTERS,,60.0
169,surfer-king,THE-SURFER-KING,,21.0
170,synecdoche,SYNECDOCHE-NEW-YORK,69.0,71.0
171,taking-sides,TAKING-SIDES,73.0,73.0
172,tall-in-the-saddle,TALL-IN-THE-SADDLE,,72.0
173,tenet,TENET,69.0,76.0
174,terminator-2-judgement-day,TERMINATOR-2:-JUDGMENT-DAY,91.0,95.0
175,the-rage-carrie-2,THE-RAGE:-CARRIE-2,23.0,33.0
176,things-my-father-never-taught-me,NOTFOUND,,
177,thor-ragnarok,THOR:-RAGNAROK,93.0,87.0
178,three-kings-(spoils-of-war),SPOILS-OF-WAR,,24.0
179,three-men-and-a-baby,THREE-MEN-AND-A-CRADLE,72.0,56.0
180,ticker,TICKER,,18.0
181,tombstone,TOMBSTONE,73.0,94.0
182,tristan-and-isolde,TRISTAN-&-ISOLDE,32.0,71.0
183,tron-legacy,TRON:-LEGACY,51.0,63.0
184,true-lies,TRUE-LIES,71.0,76.0
185,twilight-new-moon,THE-TWILIGHT-SAGA:-NEW-MOON,28.0,61.0
186,twin-peaks,TWIN-PEAKS:-THE-MISSING-PIECES,,90.0
187,u-turn,U-TURN,29.0,
188,un-singe-en-hiver,A-HEART-IN-WINTER,85.0,90.0
189,walk-to-remember,A-WALK-TO-REMEMBER,29.0,78.0
190,warm-springs,WARM-SPRINGS,,77.0
191,white-jazz,JOOKIN,,
192,white-ribbon,THE-WHITE-RIBBON,85.0,79.0
193,who's-your-daddy,WHO'S-YOUR-DADDY?,,39.0
194,wild-at-heart,WILD-AT-HEART,65.0,81.0
195,wild-things-diamonds-in-the-rough,WILD-THINGS:-DIAMONDS-IN-THE-ROUGH,,24.0
0,10-Things-I-Hate-About-You,10-Things-I-Hate-About-You,69.0,69.0
1,12,12,77.0,84.0
2,12-and-Holding,12-and-Holding,73.0,79.0
3,12-Monkeys,12-Monkeys,89.0,88.0
4,12-Years-a-Slave,12-Years-a-Slave,95.0,90.0
5,127-Hours,127-Hours,93.0,85.0
6,1492-Conquest-of-Paradise,1492:-Conquest-of-Paradise,32.0,50.0
7,15-Minutes,15-Minutes,32.0,37.0
8,17-Again,17-Again,56.0,67.0
9,187,187,30.0,67.0
10,2001-A-Space-Odyssey,2001:-A-Space-Odyssey,92.0,89.0
11,2012,2012,39.0,47.0
12,20th-Century-Women,20th-Century-Women,88.0,74.0
13,25th-Hour,25th-Hour,78.0,85.0
14,28-Days-Later,28-Days-Later,87.0,85.0
15,30-Minutes-or-Less,30-Minutes-or-Less,45.0,40.0
16,42,42,80.0,85.0
17,44-Inch-Chest,44-Inch-Chest,41.0,36.0
18,48-Hrs.,48-Hrs.,93.0,69.0
19,50-50,50-50,93.0,88.0
20,500-Days-of-Summer,500-Days-of-Summer,85.0,84.0
21,8-Mile,8-Mile,75.0,54.0
22,8MM,8MM,21.0,52.0
23,9,9,57.0,56.0
24,A-Few-Good-Men,A-Few-Good-Men,83.0,89.0
25,A-Most-Violent-Year,A-Most-Violent-Year,89.0,69.0
26,A-Prayer-Before-Dawn,A-Prayer-Before-Dawn,92.0,75.0
27,A-Quiet-Place,A-Quiet-Place,96.0,83.0
28,A-Scanner-Darkly,A-Scanner-Darkly,68.0,74.0
29,A-Serious-Man,A-Serious-Man,90.0,68.0
30,A.I.,A.I.,74.0,64.0
31,Above-the-Law,Above-the-Law,53.0,48.0
32,Absolute-Power,Absolute-Power,57.0,52.0
33,Abyss,Abyss,,
34,Ace-Ventura-Pet-Detective,Ace-Ventura:-Pet-Detective,49.0,57.0
35,Adaptation,Adaptation,91.0,85.0
36,Addams-Family,Addams-Family,64.0,66.0
37,Addams-Family,Addams-Family,44.0,69.0
38,Adjustment-Bureau,Adjustment-Bureau,71.0,67.0
39,Adventures-of-Buckaroo-Banzai-Across-the-Eighth-Dimension,Adventures-of-Buckaroo-Banzai-Across-the-Eighth-Dimension,68.0,69.0
40,Affliction,Affliction,88.0,71.0
41,After-School-Special,After-School-Special,,
42,After.Life,After.Life,25.0,33.0
43,Agnes-of-God,Agnes-of-God,43.0,55.0
44,Air-Force-One,Air-Force-One,78.0,66.0
45,Airplane,Airplane,97.0,89.0
46,Airplane-2-The-Sequel,Airplane-2:-The-Sequel,42.0,50.0
47,Aladdin,Aladdin,57.0,94.0
48,Aladdin,Aladdin,95.0,92.0
49,Ali,Ali,68.0,65.0
50,Alien,Alien,98.0,94.0
51,Alien-3,Alien-3,,
52,Alien-Nation,Alien-Nation,53.0,44.0
53,Alien-vs.-Predator,Alien-vs.-Predator,21.0,39.0
54,Alien-Resurrection,Alien:-Resurrection,54.0,39.0
55,Aliens,Aliens,97.0,94.0
56,All-About-Eve,All-About-Eve,99.0,94.0
57,All-About-Steve,All-About-Steve,6.0,30.0
58,All-the-King's-Men,All-the-King's-Men,95.0,78.0
59,All-the-King's-Men,All-the-King's-Men,11.0,40.0
60,All-the-President's-Men,All-the-President's-Men,94.0,92.0
61,Almost-Famous,Almost-Famous,89.0,92.0
62,Alone-in-the-Dark,Alone-in-the-Dark,1.0,11.0
63,Amadeus,Amadeus,93.0,95.0
64,Amelia,Amelia,20.0,31.0
65,American-Beauty,American-Beauty,87.0,93.0
66,American-Gangster,American-Gangster,80.0,87.0
67,American-Graffiti,American-Graffiti,96.0,84.0
68,American-History-X,American-History-X,83.0,96.0
69,American-Hustle,American-Hustle,92.0,74.0
70,American-Madness,American-Madness,,
71,American-Milkshake,American-Milkshake,,
72,American-Outlaws,American-Outlaws,14.0,68.0
73,American-Pie,American-Pie,61.0,61.0
74,American-President,American-President,91.0,77.0
75,American-Psycho,American-Psycho,69.0,85.0
76,American-Shaolin:-King-of-Kickboxers-II,American-Shaolin:-King-of-Kickboxers-II,,
77,American-Sniper,American-Sniper,72.0,84.0
78,American-Splendor,American-Splendor,94.0,86.0
79,American-Werewolf-in-London,American-Werewolf-in-London,,
80,American,American,65.0,39.0
81,Amityville-Asylum,Amityville-Asylum,,
82,Amour,Amour,93.0,82.0
83,An-Education,An-Education,94.0,80.0
84,Analyze-That,Analyze-That,27.0,39.0
85,Analyze-This,Analyze-This,69.0,62.0
86,Anastasia,Anastasia,91.0,78.0
87,Anastasia,Anastasia,86.0,77.0
88,Angel-Eyes,Angel-Eyes,33.0,46.0
89,Angels-&-Demons,Angels-&-Demons,37.0,57.0
90,Anna-Karenina,Anna-Karenina,93.0,69.0
91,Anna-Karenina,Anna-Karenina,26.0,66.0
92,Anna-Karenina,Anna-Karenina,63.0,50.0
93,Annie-Hall,Annie-Hall,98.0,92.0
94,Anniversary-Party,Anniversary-Party,61.0,58.0
95,Anonymous,Anonymous,45.0,53.0
96,Antitrust,Antitrust,24.0,50.0
97,Antz,Antz,92.0,52.0
98,Apartment,Apartment,93.0,94.0
99,Apocalypse-Now,Apocalypse-Now,98.0,94.0
100,Apollo-13,Apollo-13,96.0,87.0
101,April-Fool's-Day,April-Fool's-Day,50.0,47.0
102,Apt-Pupil,Apt-Pupil,53.0,56.0
103,Arbitrage,Arbitrage,88.0,62.0
104,Arcade,Arcade,,
105,Arctic-Blue,Arctic-Blue,,
106,Argo,Argo,96.0,90.0
107,Armageddon,Armageddon,38.0,73.0
108,Army-of-Darkness,Army-of-Darkness,73.0,87.0
109,Arsenic-and-Old-Lace,Arsenic-and-Old-Lace,81.0,92.0
110,Arthur,Arthur,88.0,77.0
111,Arthur,Arthur,27.0,44.0
112,Artist,Artist,95.0,87.0
113,As-Good-As-It-Gets,As-Good-As-It-Gets,85.0,86.0
114,Assassins,Assassins,16.0,45.0
115,Assignment,Assignment,60.0,62.0
116,Assignment,Assignment,33.0,21.0
117,At-First-Sight,At-First-Sight,32.0,46.0
118,August-Osage-County,August:-Osage-County,67.0,65.0
119,Austin-Powers---International-Man-of-Mystery,Austin-Powers---International-Man-of-Mystery,,
120,Austin-Powers---The-Spy-Who-Shagged-Me,Austin-Powers---The-Spy-Who-Shagged-Me,,
121,Authors-Anonymous,Authors-Anonymous,7.0,15.0
122,Autumn-in-New-York,Autumn-in-New-York,19.0,54.0
123,Avatar,Avatar,82.0,82.0
124,Avengers,Avengers,5.0,15.0
125,Avengers,Avengers,5.0,15.0
126,Avengers-Endgame,Avengers:-Endgame,94.0,90.0
127,Avventura,Avventura,,
128,Awakenings,Awakenings,88.0,89.0
129,Babel,Babel,69.0,77.0
130,Bachelor-Party,Bachelor-Party,,
131,Bachelor-Party,Bachelor-Party,,
132,Back-to-the-Future,Back-to-the-Future,96.0,94.0
133,Back-to-the-Future-II-&-III,Back-to-the-Future-II-&-III,,
134,Back-up-Plan,Back-up-Plan,18.0,46.0
135,Backdraft,Backdraft,,
136,Bad-Boys,Bad-Boys,42.0,78.0
137,Bad-Boys,Bad-Boys,89.0,81.0
138,Bad-Country,Bad-Country,,
139,Bad-Day-at-Black-Rock,Bad-Day-at-Black-Rock,97.0,88.0
140,Bad-Dreams,Bad-Dreams,,
141,Bad-Lieutenant,Bad-Lieutenant,77.0,73.0
142,Bad-Santa,Bad-Santa,79.0,75.0
143,Bad-Teacher,Bad-Teacher,44.0,36.0
144,Badlands,Badlands,98.0,90.0
145,Bamboozled,Bamboozled,,
146,Barry-Lyndon,Barry-Lyndon,91.0,92.0
147,Barton-Fink,Barton-Fink,90.0,89.0
148,Basic,Basic,21.0,63.0
149,Basic-Instinct,Basic-Instinct,53.0,63.0
150,Basquiat,Basquiat,68.0,77.0
151,Batman,Batman,,
152,Batman-2,Batman-2,,
153,Batman-and-Robin,Batman-and-Robin,,
154,Batman-Begins,Batman-Begins,84.0,94.0
155,Batman-Forever,Batman-Forever,39.0,32.0
156,Batman-Returns,Batman-Returns,80.0,73.0
157,Battle-of-Algiers,Battle-of-Algiers,,
158,Battle-of-Shaker-Heights,Battle-of-Shaker-Heights,39.0,48.0
159,Battle-Los-Angeles,Battle:-Los-Angeles,36.0,48.0
160,Beach,Beach,20.0,57.0
161,Bean,Bean,44.0,53.0
162,Beasts-of-No-Nation,Beasts-of-No-Nation,,
163,Beasts-of-the-Southern-Wild,Beasts-of-the-Southern-Wild,87.0,76.0
164,Beauty-and-the-Beast,Beauty-and-the-Beast,94.0,92.0
165,Beauty-and-the-Beast,Beauty-and-the-Beast,71.0,80.0
166,Beavis-and-Butt-head-Do-America,Beavis-and-Butt-head-Do-America,72.0,69.0
167,Beginners,Beginners,85.0,77.0
168,Being-Human,Being-Human,54.0,42.0
169,Being-John-Malkovich,Being-John-Malkovich,93.0,87.0
170,Being-There,Being-There,95.0,92.0
171,Believer,Believer,83.0,82.0
172,Belle,Belle,84.0,82.0
173,Beloved,Beloved,78.0,71.0
174,Beloved,Beloved,56.0,45.0
175,Benny-&-Joon,Benny-&-Joon,76.0,85.0
176,Best-Exotic-Marigold-Hotel,Best-Exotic-Marigold-Hotel,78.0,78.0
177,Big,Big,97.0,82.0
178,Big-Blue,Big-Blue,,
179,Big-Eyes,Big-Eyes,72.0,68.0
180,Big-Fish,Big-Fish,75.0,89.0
181,Big-Lebowski,Big-Lebowski,83.0,93.0
182,Big-Sick,Big-Sick,98.0,88.0
183,Big-White,Big-White,30.0,56.0
184,Birdman,Birdman,91.0,77.0
185,Birds,Birds,95.0,83.0
186,Birthday-Girl,Birthday-Girl,58.0,39.0
187,Black-Dahlia,Black-Dahlia,32.0,27.0
188,Black-Panther,Black-Panther,96.0,79.0
189,Black-Rain,Black-Rain,50.0,55.0
190,Black-Snake-Moan,Black-Snake-Moan,66.0,69.0
191,Black-Swan,Black-Swan,83.0,72.0
192,Black-Swan,Black-Swan,85.0,84.0
193,BlacKkKlansman,BlacKkKlansman,96.0,83.0
194,Blade,Blade,56.0,78.0
195,Blade-II,Blade-II,57.0,68.0
196,Blade-Runner,Blade-Runner,90.0,91.0
197,Blade-Trinity,Blade:-Trinity,26.0,59.0
198,Blast-from-the-Past,Blast-from-the-Past,58.0,56.0
199,Blind-Side,Blind-Side,66.0,85.0
200,Bling-Ring,Bling-Ring,59.0,33.0
201,Blood-and-Wine,Blood-and-Wine,61.0,35.0
202,Blood-Simple,Blood-Simple,94.0,88.0
203,Blow,Blow,55.0,87.0
204,Blue-Valentine,Blue-Valentine,87.0,77.0
205,Blue-Velvet,Blue-Velvet,94.0,88.0
206,Blues-Brothers,Blues-Brothers,84.0,92.0
207,Bodies,Bodies,,
208,Body-Heat,Body-Heat,,
209,Body-of-Evidence,Body-of-Evidence,8.0,22.0
210,Bodyguard,Bodyguard,33.0,64.0
211,Bones,Bones,23.0,40.0
212,Bonfire-of-the-Vanities,Bonfire-of-the-Vanities,16.0,26.0
213,Bonnie-and-Clyde,Bonnie-and-Clyde,88.0,88.0
214,Boogie-Nights,Boogie-Nights,93.0,89.0
215,Book-of-Eli,Book-of-Eli,47.0,64.0
216,Boondock-Saints-2-All-Saints-Day,Boondock-Saints-2:-All-Saints-Day,,
217,Boondock-Saints,Boondock-Saints,28.0,91.0
218,Bottle-Rocket,Bottle-Rocket,85.0,80.0
219,Bound,Bound,89.0,82.0
220,Bounty-Hunter,Bounty-Hunter,12.0,51.0
221,Bourne-Identity,Bourne-Identity,83.0,93.0
222,Bourne-Supremacy,Bourne-Supremacy,82.0,90.0
223,Bourne-Ultimatum,Bourne-Ultimatum,92.0,91.0
224,Box,Box,44.0,24.0
225,Boxtrolls,Boxtrolls,77.0,63.0
226,Boyhood,Boyhood,97.0,81.0
227,Braveheart,Braveheart,78.0,85.0
228,Brazil,Brazil,,
229,Break,Break,,
230,Breakdown,Breakdown,81.0,67.0
231,Breakfast-Club,Breakfast-Club,89.0,92.0
232,Breaking-Away,Breaking-Away,95.0,88.0
233,Brick,Brick,80.0,86.0
234,Bridesmaids,Bridesmaids,90.0,76.0
235,Bringing-Out-the-Dead,Bringing-Out-the-Dead,72.0,70.0
236,Broadcast-News,Broadcast-News,98.0,79.0
237,Broken-Arrow,Broken-Arrow,89.0,70.0
238,Broken-Arrow,Broken-Arrow,52.0,44.0
239,Broken-Embraces,Broken-Embraces,81.0,75.0
240,Brothers-Bloom,Brothers-Bloom,68.0,64.0
241,Bruce-Almighty,Bruce-Almighty,48.0,57.0
242,Buffy-the-Vampire-Slayer,Buffy-the-Vampire-Slayer,35.0,43.0
243,Bull-Durham,Bull-Durham,97.0,82.0
244,Buried,Buried,87.0,65.0
245,Burlesque,Burlesque,37.0,64.0
246,Burn-After-Reading,Burn-After-Reading,78.0,65.0
247,Burning-Annie,Burning-Annie,50.0,38.0
248,Butterfly-Effect,Butterfly-Effect,33.0,81.0
249,Cable-Guy,Cable-Guy,54.0,51.0
250,Candle-to-Water,Candle-to-Water,,
251,Capote,Capote,90.0,82.0
252,Carrie,Carrie,93.0,77.0
253,Carrie,Carrie,20.0,50.0
254,Carrie,Carrie,50.0,44.0
255,Carrie,Carrie,83.0,59.0
256,Cars-2,Cars-2,39.0,49.0
257,Casablanca,Casablanca,99.0,95.0
258,Case-39,Case-39,21.0,39.0
259,Casino,Casino,80.0,93.0
260,Cast-Away,Cast-Away,88.0,84.0
261,Catch-Me-If-You-Can,Catch-Me-If-You-Can,96.0,89.0
262,Catwoman,Catwoman,9.0,18.0
263,Cecil-B.-Demented,Cecil-B.-Demented,53.0,67.0
264,Cedar-Rapids,Cedar-Rapids,86.0,59.0
265,Celeste-&-Jesse-Forever,Celeste-&-Jesse-Forever,,
266,Cell,Cell,11.0,17.0
267,Cell,Cell,45.0,57.0
268,Cellular,Cellular,55.0,59.0
269,Change-Up,Change-Up,25.0,47.0
270,Changeling,Changeling,62.0,82.0
271,Changeling,Changeling,83.0,79.0
272,Chaos,Chaos,,
273,Charade,Charade,94.0,92.0
274,Charlie's-Angels,Charlie's-Angels,68.0,45.0
275,Charlie's-Angels,Charlie's-Angels,52.0,78.0
276,Chasing-Amy,Chasing-Amy,87.0,83.0
277,Chasing-Sleep,Chasing-Sleep,,
278,Cherry-Falls,Cherry-Falls,,
279,Chinatown,Chinatown,99.0,93.0
280,Christ-Complex,Christ-Complex,,
281,Chronicle,Chronicle,85.0,71.0
282,Chronicles-of-Narnia-The-Lion,Chronicles-of-Narnia:-The-Lion,,
283,Cider-House-Rules,Cider-House-Rules,71.0,77.0
284,Cincinnati-Kid,Cincinnati-Kid,82.0,78.0
285,Cinema-Paradiso,Cinema-Paradiso,,
286,Cirque-du-Freak-The-Vampire's-Assistant,Cirque-du-Freak:-The-Vampire's-Assistant,38.0,42.0
287,Citizen-Kane,Citizen-Kane,100.0,90.0
288,City-of-Joy,City-of-Joy,53.0,75.0
289,City-of-Joy,City-of-Joy,100.0,60.0
290,Clash-of-the-Titans,Clash-of-the-Titans,68.0,70.0
291,Clash-of-the-Titans,Clash-of-the-Titans,27.0,40.0
292,Clerks,Clerks,89.0,89.0
293,Cliffhanger,Cliffhanger,69.0,52.0
294,Clockwork-Orange,Clockwork-Orange,,
295,Clueless,Clueless,82.0,76.0
296,Cobb,Cobb,65.0,59.0
297,Coco,Coco,97.0,94.0
298,Code-of-Silence,Code-of-Silence,63.0,51.0
299,Cold-Mountain,Cold-Mountain,71.0,77.0
300,Collateral,Collateral,86.0,84.0
301,Collateral-Damage,Collateral-Damage,19.0,27.0
302,Colombiana,Colombiana,28.0,67.0
303,Color-of-Night,Color-of-Night,22.0,30.0
304,Commando,Commando,71.0,67.0
305,Conan-the-Barbarian,Conan-the-Barbarian,64.0,74.0
306,Conan-the-Barbarian,Conan-the-Barbarian,25.0,30.0
307,Confessions-of-a-Dangerous-Mind,Confessions-of-a-Dangerous-Mind,79.0,75.0
308,Confidence,Confidence,69.0,70.0
309,Constantine,Constantine,46.0,72.0
310,Contact,Contact,66.0,78.0
311,Cooler,Cooler,77.0,69.0
312,Copycat,Copycat,78.0,64.0
313,Coraline,Coraline,90.0,73.0
314,Coriolanus,Coriolanus,92.0,58.0
315,Courage-Under-Fire,Courage-Under-Fire,85.0,66.0
316,Cowboys-&-Aliens,Cowboys-&-Aliens,44.0,43.0
317,Cradle-2-the-Grave,Cradle-2-the-Grave,25.0,52.0
318,Crank,Crank,61.0,71.0
319,Crash,Crash,74.0,88.0
320,Crazy,Crazy,,
321,Crazylove,Crazylove,,
322,Creation,Creation,46.0,49.0
323,Crime-Spree,Crime-Spree,33.0,56.0
324,Croods,Croods,71.0,77.0
325,Crouching-Tiger,Crouching-Tiger,,
326,Croupier,Croupier,,
327,Crow-Salvation,Crow-Salvation,,
328,Crow,Crow,83.0,90.0
329,Crow-City-of-Angels,Crow:-City-of-Angels,12.0,40.0
330,Cruel-Intentions,Cruel-Intentions,54.0,81.0
331,Crying-Game,Crying-Game,94.0,78.0
332,Cube,Cube,63.0,76.0
333,Curious-Case-of-Benjamin-Button,Curious-Case-of-Benjamin-Button,72.0,80.0
334,Custody,Custody,,
335,Dallas-Buyers-Club,Dallas-Buyers-Club,93.0,91.0
336,Damned-United,Damned-United,92.0,85.0
337,Dances-with-Wolves,Dances-with-Wolves,83.0,87.0
338,Danish-Girl,Danish-Girl,67.0,72.0
339,Dark-City,Dark-City,76.0,85.0
340,Dark-Knight-Rises,Dark-Knight-Rises,87.0,90.0
341,Dark-Knight,Dark-Knight,94.0,94.0
342,Dark-Star,Dark-Star,,
343,Darkman,Darkman,84.0,59.0
344,Date-Night,Date-Night,66.0,55.0
345,Dave-Barry's-Complete-Guide-to-Guys,Dave-Barry's-Complete-Guide-to-Guys,,
346,Dawn-of-the-Dead,Dawn-of-the-Dead,75.0,77.0
347,Day-of-the-Dead,Day-of-the-Dead,13.0,22.0
348,Day-of-the-Dead,Day-of-the-Dead,81.0,75.0
349,Day-the-Clown-Cried,Day-the-Clown-Cried,,
350,Day-the-Earth-Stood-Still,Day-the-Earth-Stood-Still,95.0,87.0
351,Day-the-Earth-Stood-Still,Day-the-Earth-Stood-Still,21.0,27.0
352,Days-of-Heaven,Days-of-Heaven,92.0,89.0
353,Dead-Poets-Society,Dead-Poets-Society,84.0,92.0
354,Deadpool,Deadpool,85.0,90.0
355,Dear-White-People,Dear-White-People,91.0,61.0
356,Death-at-a-Funeral,Death-at-a-Funeral,62.0,79.0
357,Death-at-a-Funeral,Death-at-a-Funeral,43.0,45.0
358,Death-to-Smoochy,Death-to-Smoochy,42.0,66.0
359,Debt,Debt,77.0,66.0
360,Deception,Deception,11.0,31.0
361,Deep-Cover,Deep-Cover,82.0,77.0
362,Deep-Rising,Deep-Rising,28.0,43.0
363,Deer-Hunter,Deer-Hunter,93.0,92.0
364,Defiance,Defiance,58.0,72.0
365,Departed,Departed,91.0,94.0
366,Descendants,Descendants,88.0,79.0
367,Despicable-Me-2,Despicable-Me-2,75.0,85.0
368,Detroit-Rock-City,Detroit-Rock-City,48.0,82.0
369,Devil-in-a-Blue-Dress,Devil-in-a-Blue-Dress,88.0,70.0
370,Devil-Wears-Prada,Devil-Wears-Prada,75.0,76.0
371,Devil's-Advocate,Devil's-Advocate,63.0,80.0
372,Die-Hard,Die-Hard,94.0,94.0
373,Die-Hard-2,Die-Hard-2,69.0,70.0
374,Diner,Diner,93.0,78.0
375,Distinguished-Gentleman,Distinguished-Gentleman,,
376,Disturbia,Disturbia,69.0,77.0
377,Django-Unchained,Django-Unchained,87.0,91.0
378,Do-The-Right-Thing,Do-The-Right-Thing,93.0,90.0
379,Dog-Day-Afternoon,Dog-Day-Afternoon,96.0,90.0
380,Dogma,Dogma,,
381,Donnie-Brasco,Donnie-Brasco,88.0,89.0
382,Donnie-Darko,Donnie-Darko,86.0,80.0
383,Doors,Doors,57.0,79.0
384,Double-Indemnity,Double-Indemnity,97.0,95.0
385,Drag-Me-to-Hell,Drag-Me-to-Hell,92.0,62.0
386,Dragonslayer,Dragonslayer,84.0,62.0
387,Dragonslayer,Dragonslayer,90.0,61.0
388,Drive,Drive,92.0,79.0
389,Drive,Drive,0.0,17.0
390,Drive-Angry,Drive-Angry,47.0,37.0
391,Drop-Dead-Gorgeous,Drop-Dead-Gorgeous,45.0,75.0
392,Dry-White-Season,Dry-White-Season,,
393,Duck-Soup,Duck-Soup,92.0,91.0
394,Dumb-and-Dumber,Dumb-and-Dumber,68.0,84.0
395,Dune,Dune,53.0,66.0
396,E.T.,E.T.,,
397,Eagle-Eye,Eagle-Eye,26.0,62.0
398,Eastern-Promises,Eastern-Promises,89.0,83.0
399,Easy-A,Easy-A,85.0,77.0
400,Ed-TV,Ed-TV,,
401,Ed-Wood,Ed-Wood,92.0,88.0
402,Edward-Scissorhands,Edward-Scissorhands,90.0,91.0
403,Eight-Legged-Freaks,Eight-Legged-Freaks,48.0,32.0
404,El-Mariachi,El-Mariachi,93.0,76.0
405,Election,Election,92.0,79.0
406,Elephant-Man,Elephant-Man,92.0,93.0
407,Elizabeth-The-Golden-Age,Elizabeth:-The-Golden-Age,34.0,59.0
408,Elvis,Elvis,,
409,Enemy-of-the-State,Enemy-of-the-State,72.0,78.0
410,English-Patient,English-Patient,85.0,83.0
411,Enough,Enough,22.0,67.0
412,Entrapment,Entrapment,39.0,50.0
413,Equilibrium,Equilibrium,41.0,81.0
414,Erik-the-Viking,Erik-the-Viking,47.0,58.0
415,Erin-Brockovich,Erin-Brockovich,84.0,81.0
416,Escape-From-L.A.,Escape-From-L.A.,,
417,Escape-From-New-York,Escape-From-New-York,86.0,77.0
418,Eternal-Sunshine-of-the-Spotless-Mind,Eternal-Sunshine-of-the-Spotless-Mind,93.0,94.0
419,Even-Cowgirls-Get-the-Blues,Even-Cowgirls-Get-the-Blues,,
420,Event-Horizon,Event-Horizon,28.0,61.0
421,Evil-Dead,Evil-Dead,95.0,84.0
422,Evil-Dead,Evil-Dead,62.0,63.0
423,Evil-Dead-II-Dead-by-Dawn,Evil-Dead-II:-Dead-by-Dawn,,
424,Ex-Machina,Ex-Machina,92.0,86.0
425,Excalibur,Excalibur,80.0,80.0
426,Executive-Decision,Executive-Decision,,
427,eXistenZ,eXistenZ,74.0,69.0
428,Extract,Extract,62.0,38.0
429,Eyes-Wide-Shut,Eyes-Wide-Shut,75.0,73.0
430,Fabulous-Baker-Boys,Fabulous-Baker-Boys,,
431,Face-Off,Face-Off,,
432,Fair-Game,Fair-Game,12.0,14.0
433,Fair-Game,Fair-Game,79.0,65.0
434,FairyTale-A-True-Story,FairyTale:-A-True-Story,,
435,Family-Man,Family-Man,53.0,67.0
436,Fantastic-Four,Fantastic-Four,27.0,45.0
437,Fantastic-Four,Fantastic-Four,9.0,18.0
438,Fantastic-Mr-Fox,Fantastic-Mr-Fox,,
439,Fargo,Fargo,94.0,93.0
440,Fast-Times-at-Ridgemont-High,Fast-Times-at-Ridgemont-High,76.0,80.0
441,Fatal-Instinct,Fatal-Instinct,18.0,40.0
442,Fault-in-Our-Stars,Fault-in-Our-Stars,81.0,85.0
443,Fear-and-Loathing-in-Las-Vegas,Fear-and-Loathing-in-Las-Vegas,49.0,89.0
444,Feast,Feast,57.0,59.0
445,Ferris-Bueller's-Day-Off,Ferris-Bueller's-Day-Off,81.0,92.0
446,Field-of-Dreams,Field-of-Dreams,87.0,86.0
447,Fifth-Element,Fifth-Element,70.0,86.0
448,Fight-Club,Fight-Club,79.0,96.0
449,Fighter,Fighter,90.0,89.0
450,Final-Destination,Final-Destination,35.0,68.0
451,Final-Destination,Final-Destination,28.0,35.0
452,Final-Destination-2,Final-Destination-2,48.0,58.0
453,Finding-Nemo,Finding-Nemo,99.0,86.0
454,First-Cow,First-Cow,96.0,56.0
455,Five-Easy-Pieces,Five-Easy-Pieces,88.0,84.0
456,Flash-Gordon,Flash-Gordon,83.0,69.0
457,Fletch,Fletch,77.0,81.0
458,Flight,Flight,78.0,75.0
459,Flintstones,Flintstones,22.0,24.0
460,Forrest-Gump,Forrest-Gump,71.0,95.0
461,Four-Feathers,Four-Feathers,100.0,85.0
462,Four-Feathers,Four-Feathers,41.0,65.0
463,Four-Rooms,Four-Rooms,13.0,69.0
464,Foxcatcher,Foxcatcher,87.0,66.0
465,Fracture,Fracture,71.0,73.0
466,Frances,Frances,66.0,77.0
467,Frankenstein,Frankenstein,17.0,47.0
468,Frankenstein,Frankenstein,100.0,35.0
469,Frankenweenie,Frankenweenie,87.0,70.0
470,Freaked,Freaked,,
471,Freddy-vs.-Jason,Freddy-vs.-Jason,41.0,50.0
472,French-Connection,French-Connection,98.0,87.0
473,Frequency,Frequency,70.0,81.0
474,Friday-the-13th,Friday-the-13th,64.0,61.0
475,Friday-the-13th,Friday-the-13th,26.0,46.0
476,Friday-the-13th-Part-VIII-Jason-Takes-Manhattan,Friday-the-13th-Part-VIII:-Jason-Takes-Manhattan,8.0,27.0
477,Fright-Night,Fright-Night,92.0,76.0
478,Fright-Night,Fright-Night,72.0,59.0
479,Fright-Night-(1985),Fright-Night-(1985),,
480,From-Dusk-Till-Dawn,From-Dusk-Till-Dawn,62.0,76.0
481,From-Here-to-Eternity,From-Here-to-Eternity,92.0,84.0
482,Frozen,Frozen,63.0,46.0
483,Frozen,Frozen,90.0,85.0
484,Frozen-(Disney),Frozen-(Disney),,
485,Frozen-River,Frozen-River,88.0,74.0
486,Fruitvale-Station,Fruitvale-Station,94.0,87.0
487,Fugitive,Fugitive,86.0,61.0
488,Fugitive,Fugitive,96.0,89.0
489,Full-Metal-Jacket,Full-Metal-Jacket,92.0,94.0
490,Funny-People,Funny-People,69.0,48.0
491,Fury,Fury,75.0,49.0
492,Fury,Fury,100.0,89.0
493,Fury,Fury,76.0,84.0
494,G.I.-Jane,G.I.-Jane,51.0,53.0
495,G.I.-Joe-The-Rise-of-Cobra,G.I.-Joe:-The-Rise-of-Cobra,34.0,50.0
496,Game-6,Game-6,61.0,38.0
497,Game,Game,74.0,84.0
498,Gamer,Gamer,30.0,39.0
499,Gandhi,Gandhi,85.0,92.0
500,Gang-Related,Gang-Related,53.0,65.0
501,Gangs-of-New-York,Gangs-of-New-York,73.0,81.0
502,Garden-State,Garden-State,86.0,88.0
503,Gattaca,Gattaca,82.0,87.0
504,Get-Carter,Get-Carter,84.0,85.0
505,Get-Carter,Get-Carter,11.0,28.0
506,Get-Low,Get-Low,85.0,75.0
507,Get-on-Up,Get-on-Up,80.0,68.0
508,Get-Out,Get-Out,98.0,86.0
509,Get-Shorty,Get-Shorty,88.0,70.0
510,Getaway,Getaway,86.0,81.0
511,Getaway,Getaway,32.0,28.0
512,Getaway,Getaway,3.0,35.0
513,Ghost,Ghost,74.0,80.0
514,Ghost-and-the-Darkness,Ghost-and-the-Darkness,49.0,75.0
515,Ghost-Rider,Ghost-Rider,26.0,48.0
516,Ghost-Ship,Ghost-Ship,16.0,37.0
517,Ghost-World,Ghost-World,93.0,84.0
518,Ghostbusters,Ghostbusters,74.0,50.0
519,Ghostbusters-2,Ghostbusters-2,54.0,61.0
520,Ginger-Snaps,Ginger-Snaps,89.0,78.0
521,Girl-with-the-Dragon-Tattoo,Girl-with-the-Dragon-Tattoo,86.0,86.0
522,Girl-with-the-Dragon-Tattoo,Girl-with-the-Dragon-Tattoo,85.0,87.0
523,Gladiator,Gladiator,31.0,68.0
524,Gladiator,Gladiator,77.0,87.0
525,Glengarry-Glen-Gross,Glengarry-Glen-Gross,,
526,Go,Go,91.0,78.0
527,Godfather,Godfather,98.0,98.0
528,Godfather-Part-II,Godfather-Part-II,,
529,Godfather-Part-III,Godfather-Part-III,,
530,Gods-and-Monsters,Gods-and-Monsters,95.0,83.0
531,Godzilla,Godzilla,15.0,28.0
532,Godzilla,Godzilla,76.0,66.0
533,Gone-Baby-Gone,Gone-Baby-Gone,94.0,86.0
534,Gone-in-60-Seconds,Gone-in-60-Seconds,43.0,66.0
535,Good-Girl,Good-Girl,,
536,Good-Will-Hunting,Good-Will-Hunting,97.0,94.0
537,Goodfellas,Goodfellas,96.0,97.0
538,Gothika,Gothika,15.0,45.0
539,Grabbers,Grabbers,72.0,51.0
540,Graduate,Graduate,87.0,90.0
541,Gran-Torino,Gran-Torino,81.0,90.0
542,Grand-Hotel,Grand-Hotel,86.0,77.0
543,Grand-Theft-Parsons,Grand-Theft-Parsons,46.0,52.0
544,Grapes-of-Wrath,Grapes-of-Wrath,100.0,88.0
545,Gravity,Gravity,96.0,80.0
546,Great-Gatsby,Great-Gatsby,39.0,47.0
547,Great-Gatsby,Great-Gatsby,48.0,67.0
548,Green-Mile,Green-Mile,78.0,94.0
549,Gremlins,Gremlins,85.0,78.0
550,Gremlins-2,Gremlins-2,,
551,Grifters,Grifters,91.0,70.0
552,Grosse-Point-Blank,Grosse-Point-Blank,,
553,Groundhog-Day,Groundhog-Day,96.0,88.0
554,Grudge,Grudge,40.0,46.0
555,Grudge,Grudge,20.0,23.0
556,Guardians-of-the-Galaxy-Vol-2,Guardians-of-the-Galaxy-Vol-2,,
557,Hackers,Hackers,33.0,68.0
558,Hall-Pass,Hall-Pass,33.0,40.0
559,Halloween,Halloween,96.0,89.0
560,Halloween,Halloween,27.0,59.0
561,Halloween,Halloween,79.0,70.0
562,Halloween-The-Curse-of-Michael-Myers,Halloween:-The-Curse-of-Michael-Myers,,
563,Hancock,Hancock,41.0,59.0
564,Hangover,Hangover,78.0,84.0
565,Hanna,Hanna,71.0,66.0
566,Hannah-and-Her-Sisters,Hannah-and-Her-Sisters,91.0,90.0
567,Hannibal,Hannibal,39.0,62.0
568,Happy-Birthday,Happy-Birthday,,
569,Happy-Feet,Happy-Feet,76.0,70.0
570,Hard-Rain,Hard-Rain,30.0,34.0
571,Hard-to-Kill,Hard-to-Kill,38.0,47.0
572,Harold-and-Kumar-Go-to-White-Castle,Harold-and-Kumar-Go-to-White-Castle,,
573,Harry-Potter-and-the-Chamber-of-Secrets,Harry-Potter-and-the-Chamber-of-Secrets,82.0,80.0
574,Harry-Potter-and-the-Deathly-Hallows-Part-1,Harry-Potter-and-the-Deathly-Hallows-Part-1,,
575,Harry-Potter-and-the-Goblet-of-Fire,Harry-Potter-and-the-Goblet-of-Fire,88.0,74.0
576,Harry-Potter-and-the-Half-Blood-Prince,Harry-Potter-and-the-Half-Blood-Prince,84.0,78.0
577,Harry-Potter-and-the-Prisoner-of-Azkaban,Harry-Potter-and-the-Prisoner-of-Azkaban,90.0,86.0
578,Harry-Potter-and-the-Sorcerer's-Stone,Harry-Potter-and-the-Sorcerer's-Stone,81.0,82.0
579,Haunting,Haunting,88.0,82.0
580,Haunting,Haunting,16.0,28.0
581,He's-Just-Not-That-Into-You,He's-Just-Not-That-Into-You,42.0,59.0
582,Heat,Heat,17.0,26.0
583,Heat,Heat,87.0,94.0
584,Heat,Heat,66.0,71.0
585,Heathers,Heathers,93.0,83.0
586,Heavenly-Creatures,Heavenly-Creatures,92.0,83.0
587,Heavy-Metal,Heavy-Metal,60.0,67.0
588,Hebrew-Hammer,Hebrew-Hammer,46.0,64.0
589,Heist,Heist,66.0,60.0
590,Heist,Heist,29.0,41.0
591,Hellbound-Hellraiser-II,Hellbound:-Hellraiser-II,50.0,58.0
592,Hellboy,Hellboy,81.0,66.0
593,Hellboy,Hellboy,18.0,49.0
594,Hellboy-2-The-Golden-Army,Hellboy-2:-The-Golden-Army,,
595,Hellraiser,Hellraiser,72.0,72.0
596,Hellraiser-3-Hell-on-Earth,Hellraiser-3:-Hell-on-Earth,,
597,Hellraiser-Deader,Hellraiser:-Deader,14.0,26.0
598,Hellraiser-Hellseeker,Hellraiser:-Hellseeker,0.0,33.0
599,Help,Help,76.0,89.0
600,Henry-Fool,Henry-Fool,89.0,82.0
601,Henry's-Crime,Henry's-Crime,42.0,25.0
602,Her,Her,95.0,82.0
603,Hesher,Hesher,55.0,61.0
604,High-Fidelity,High-Fidelity,91.0,90.0
605,Highlander,Highlander,69.0,79.0
606,Highlander-Endgame,Highlander:-Endgame,11.0,38.0
607,Hills-Have-Eyes,Hills-Have-Eyes,65.0,54.0
608,Hills-Have-Eyes,Hills-Have-Eyes,52.0,58.0
609,His-Girl-Friday,His-Girl-Friday,98.0,90.0
610,Hitchcock,Hitchcock,60.0,60.0
611,Hitchhiker's-Guide-to-the-Galaxy,Hitchhiker's-Guide-to-the-Galaxy,60.0,65.0
612,Hollow-Man,Hollow-Man,27.0,28.0
613,Honeydripper,Honeydripper,69.0,57.0
614,Horrible-Bosses,Horrible-Bosses,69.0,70.0
615,Horse-Whisperer,Horse-Whisperer,74.0,72.0
616,Hospital,Hospital,100.0,73.0
617,Hostage,Hostage,35.0,62.0
618,Hot-Tub-Time-Machine,Hot-Tub-Time-Machine,64.0,56.0
619,Hotel-Rwanda,Hotel-Rwanda,91.0,94.0
620,House-of-1000-Corpses,House-of-1000-Corpses,20.0,65.0
621,How-to-Lose-Friends-&-Alienate-People,How-to-Lose-Friends-&-Alienate-People,37.0,42.0
622,How-to-Train-Your-Dragon,How-to-Train-Your-Dragon,99.0,91.0
623,How-to-Train-Your-Dragon-2,How-to-Train-Your-Dragon-2,91.0,90.0
624,Hudson-Hawk,Hudson-Hawk,30.0,56.0
625,Hudsucker-Proxy,Hudsucker-Proxy,59.0,79.0
626,Human-Nature,Human-Nature,49.0,61.0
627,Hunt-for-Red-October,Hunt-for-Red-October,89.0,88.0
628,Hurt-Locker,Hurt-Locker,97.0,84.0
629,I-Am-Number-Four,I-Am-Number-Four,33.0,57.0
630,I-am-Sam,I-am-Sam,35.0,87.0
631,I-Love-You-Phillip-Morris,I-Love-You-Phillip-Morris,71.0,61.0
632,I-Spit-on-Your-Grave,I-Spit-on-Your-Grave,32.0,47.0
633,I-Still-Know-What-You-Did-Last-Summer,I-Still-Know-What-You-Did-Last-Summer,7.0,29.0
634,I'll-Do-Anything,I'll-Do-Anything,61.0,42.0
635,I,I,,
636,Ice-Storm,Ice-Storm,85.0,82.0
637,Ides-of-March,Ides-of-March,84.0,73.0
638,Imaginarium-of-Doctor-Parnassus,Imaginarium-of-Doctor-Parnassus,64.0,60.0
639,In-the-Bedroom,In-the-Bedroom,93.0,81.0
640,In-the-Loop,In-the-Loop,94.0,82.0
641,Inception,Inception,87.0,91.0
642,Incredibles,Incredibles,97.0,75.0
643,Independence-Day,Independence-Day,67.0,75.0
644,Indiana-Jones-and-the-Last-Crusade,Indiana-Jones-and-the-Last-Crusade,88.0,94.0
645,Indiana-Jones-and-the-Raiders-of-the-Lost-Ark,Indiana-Jones-and-the-Raiders-of-the-Lost-Ark,,
646,Indiana-Jones-and-the-Temple-of-Doom,Indiana-Jones-and-the-Temple-of-Doom,84.0,81.0
647,Indiana-Jones-IV,Indiana-Jones-IV,,
648,Informant,Informant,89.0,62.0
649,Inglourious-Basterds,Inglourious-Basterds,89.0,88.0
650,Innerspace,Innerspace,82.0,65.0
651,Insider,Insider,96.0,90.0
652,Insidious,Insidious,66.0,62.0
653,Insomnia,Insomnia,92.0,77.0
654,Insomnia,Insomnia,97.0,77.0
655,Interstellar,Interstellar,72.0,86.0
656,Interview-with-the-Vampire,Interview-with-the-Vampire,63.0,86.0
657,Into-the-Wild,Into-the-Wild,83.0,89.0
658,Into-the-Woods,Into-the-Woods,71.0,49.0
659,Intolerable-Cruelty,Intolerable-Cruelty,75.0,48.0
660,Inventing-the-Abbotts,Inventing-the-Abbotts,31.0,52.0
661,Invention-of-Lying,Invention-of-Lying,56.0,39.0
662,Invictus,Invictus,77.0,75.0
663,Iron-Lady,Iron-Lady,52.0,51.0
664,Island,Island,40.0,51.0
665,It,It,87.0,81.0
666,It,It,85.0,84.0
667,It-Happened-One-Night,It-Happened-One-Night,98.0,93.0
668,It-Happened-One-Night,It-Happened-One-Night,98.0,93.0
669,It's-a-Wonderful-Life,It's-a-Wonderful-Life,94.0,95.0
670,It's-Complicated,It's-Complicated,58.0,60.0
671,Italian-Job,Italian-Job,83.0,86.0
672,Italian-Job,Italian-Job,73.0,80.0
673,Jacket,Jacket,44.0,73.0
674,Jackie-Brown,Jackie-Brown,87.0,85.0
675,Jacob's-Ladder,Jacob's-Ladder,73.0,84.0
676,Jacob's-Ladder,Jacob's-Ladder,4.0,39.0
677,Jade,Jade,14.0,27.0
678,Jane-Eyre,Jane-Eyre,100.0,83.0
679,Jane-Eyre,Jane-Eyre,84.0,76.0
680,Jason-X,Jason-X,20.0,25.0
681,Jaws,Jaws,98.0,90.0
682,Jaws-2,Jaws-2,58.0,38.0
683,Jay-and-Silent-Bob-Strike-Back,Jay-and-Silent-Bob-Strike-Back,52.0,75.0
684,Jennifer-Eight,Jennifer-Eight,,
685,Jennifer's-Body,Jennifer's-Body,45.0,34.0
686,Jerry-Maguire,Jerry-Maguire,,
687,Jeux-Interdits,Jeux-Interdits,,
688,JFK,JFK,84.0,88.0
689,Jimmy-and-Judy,Jimmy-and-Judy,50.0,68.0
690,John-Q,John-Q,23.0,78.0
691,John-Wick,John-Wick,87.0,81.0
692,Jojo-Rabbit,Jojo-Rabbit,,
693,Joker,Joker,68.0,88.0
694,Judge-Dredd,Judge-Dredd,20.0,30.0
695,Juno,Juno,94.0,88.0
696,Jurassic-Park,Jurassic-Park,91.0,91.0
697,Jurassic-Park-III,Jurassic-Park-III,49.0,36.0
698,Jurassic-Park-The-Lost-World,Jurassic-Park:-The-Lost-World,,
699,Kafka,Kafka,,
700,Kalifornia,Kalifornia,59.0,64.0
701,Kate-&-Leopold,Kate-&-Leopold,50.0,62.0
702,Kids,Kids,,
703,Kids-Are-All-Right,Kids-Are-All-Right,92.0,74.0
704,Kill-Bill-Volume-1-&-2,Kill-Bill-Volume-1-&-2,,
705,Kill-Your-Darlings,Kill-Your-Darlings,77.0,60.0
706,Killers-of-the-Flower-Moon,Killers-of-the-Flower-Moon,,
707,Killing-Zoe,Killing-Zoe,36.0,64.0
708,King-Kong,King-Kong,98.0,86.0
709,King-Kong,King-Kong,53.0,31.0
710,King-Kong,King-Kong,84.0,50.0
711,King-of-Comedy,King-of-Comedy,89.0,90.0
712,King's-Speech,King's-Speech,94.0,92.0
713,Kingdom,Kingdom,51.0,76.0
714,Kiss-of-the-Spider-Woman,Kiss-of-the-Spider-Woman,87.0,81.0
715,Klute,Klute,93.0,80.0
716,Knocked-Up,Knocked-Up,90.0,83.0
717,Kramer-vs-Kramer,Kramer-vs-Kramer,,
718,Kundun,Kundun,,
719,Kung-Fu-Panda,Kung-Fu-Panda,87.0,83.0
720,L.A.-Confidential,L.A.-Confidential,99.0,94.0
721,La-La-Land,La-La-Land,91.0,81.0
722,Labor-of-Love,Labor-of-Love,,
723,Labyrinth,Labyrinth,72.0,86.0
724,Ladykillers,Ladykillers,100.0,87.0
725,Ladykillers,Ladykillers,54.0,43.0
726,Lake-Placid,Lake-Placid,47.0,37.0
727,Land-of-the-Dead,Land-of-the-Dead,74.0,51.0
728,Larry-Crowne,Larry-Crowne,37.0,41.0
729,Last-Boy-Scout,Last-Boy-Scout,47.0,68.0
730,Last-Chance-Harvey,Last-Chance-Harvey,71.0,53.0
731,Last-Flight,Last-Flight,,
732,Last-of-the-Mohicans,Last-of-the-Mohicans,93.0,88.0
733,Last-Samurai,Last-Samurai,66.0,83.0
734,Last-Station,Last-Station,71.0,67.0
735,Last-Tango-in-Paris,Last-Tango-in-Paris,83.0,76.0
736,Law-Abiding-Citizen,Law-Abiding-Citizen,26.0,75.0
737,Le-Diable-par-la-Queue,Le-Diable-par-la-Queue,,
738,Leaving-Las-Vegas,Leaving-Las-Vegas,91.0,85.0
739,Legally-Blonde,Legally-Blonde,70.0,72.0
740,Legend,Legend,38.0,73.0
741,Legend,Legend,61.0,59.0
742,Legion,Legion,19.0,31.0
743,Legion,Legion,,
744,LEGO-Movie,LEGO-Movie,96.0,87.0
745,Les-Miserables,Les-Miserables,83.0,85.0
746,Les-Miserables,Les-Miserables,74.0,83.0
747,Les-Tontons-Flingueurs,Les-Tontons-Flingueurs,,
748,Lethal-Weapon,Lethal-Weapon,81.0,86.0
749,Lethal-Weapon-4,Lethal-Weapon-4,54.0,64.0
750,Leviathan,Leviathan,98.0,80.0
751,Leviathan,Leviathan,24.0,26.0
752,Leviathan,Leviathan,83.0,54.0
753,Liar-Liar,Liar-Liar,,
754,Life,Life,50.0,77.0
755,Life,Life,64.0,44.0
756,Life,Life,67.0,54.0
757,Life-As-A-House,Life-As-A-House,47.0,88.0
758,Life-of-David-Gale,Life-of-David-Gale,19.0,81.0
759,Life-of-Pi,Life-of-Pi,87.0,84.0
760,Light-Sleeper,Light-Sleeper,87.0,64.0
761,Limey,Limey,92.0,78.0
762,Limitless,Limitless,69.0,74.0
763,Lincoln,Lincoln,89.0,81.0
764,Lincoln-Lawyer,Lincoln-Lawyer,83.0,82.0
765,Lion-King,Lion-King,93.0,93.0
766,Lion-King,Lion-King,52.0,88.0
767,Little-Athens,Little-Athens,,
768,Little-Men,Little-Men,14.0,79.0
769,Little-Men,Little-Men,97.0,63.0
770,Little-Mermaid,Little-Mermaid,93.0,88.0
771,Little-Nicky,Little-Nicky,22.0,56.0
772,Living-in-Oblivion,Living-in-Oblivion,88.0,87.0
773,Lock,Lock,,
774,Logan,Logan,93.0,90.0
775,Logan's-Run,Logan's-Run,62.0,67.0
776,Lone-Star,Lone-Star,94.0,83.0
777,Long-Kiss-Goodnight,Long-Kiss-Goodnight,70.0,70.0
778,Looper,Looper,93.0,82.0
779,Lord-of-Illusions,Lord-of-Illusions,60.0,52.0
780,Lord-of-the-Rings-Fellowship-of-the-Ring,Lord-of-the-Rings:-Fellowship-of-the-Ring,,
781,Lord-of-the-Rings-Return-of-the-King,Lord-of-the-Rings:-Return-of-the-King,,
782,Lord-of-the-Rings-The-Two-Towers,Lord-of-the-Rings:-The-Two-Towers,95.0,95.0
783,Lord-of-War,Lord-of-War,61.0,84.0
784,Losers,Losers,48.0,54.0
785,Lost-Highway,Lost-Highway,61.0,87.0
786,Lost-Horizon,Lost-Horizon,20.0,45.0
787,Lost-Horizon,Lost-Horizon,93.0,83.0
788,Lost-in-Space,Lost-in-Space,28.0,24.0
789,Lost-in-Translation,Lost-in-Translation,95.0,85.0
790,Love-and-Basketball,Love-and-Basketball,83.0,95.0
791,Machete,Machete,72.0,63.0
792,Machine-Gun-Preacher,Machine-Gun-Preacher,27.0,62.0
793,Mad-Max-2-The-Road-Warrior,Mad-Max-2:-The-Road-Warrior,93.0,86.0
794,Made,Made,71.0,67.0
795,Magnolia,Magnolia,83.0,89.0
796,Majestic,Majestic,42.0,60.0
797,Major-League,Major-League,83.0,84.0
798,Malcolm-X,Malcolm-X,88.0,91.0
799,Malibu's-Most-Wanted,Malibu's-Most-Wanted,31.0,54.0
800,Man-in-the-Iron-Mask,Man-in-the-Iron-Mask,32.0,55.0
801,Man-On-Fire,Man-On-Fire,38.0,89.0
802,Man-on-the-Moon,Man-on-the-Moon,63.0,79.0
803,Man-Trouble,Man-Trouble,,
804,Man-Who-Knew-Too-Much,Man-Who-Knew-Too-Much,88.0,68.0
805,Man-Who-Knew-Too-Much,Man-Who-Knew-Too-Much,87.0,84.0
806,Man-Who-Wasn't-There,Man-Who-Wasn't-There,81.0,85.0
807,Manchurian-Candidate,Manchurian-Candidate,97.0,90.0
808,Manchurian-Candidate,Manchurian-Candidate,80.0,63.0
809,Manhattan-Murder-Mystery,Manhattan-Murder-Mystery,93.0,84.0
810,Manhunter,Manhunter,93.0,77.0
811,Margaret,Margaret,74.0,48.0
812,Margin-Call,Margin-Call,87.0,74.0
813,Margot-at-the-Wedding,Margot-at-the-Wedding,52.0,40.0
814,Mariachi,Mariachi,,
815,Marley-&-Me,Marley-&-Me,62.0,75.0
816,Martha-Marcy-May-Marlene,Martha-Marcy-May-Marlene,90.0,71.0
817,Martian,Martian,91.0,91.0
818,Marty,Marty,98.0,87.0
819,Mary-Poppins,Mary-Poppins,100.0,86.0
820,Mask,Mask,77.0,68.0
821,Master-and-Commander,Master-and-Commander,,
822,Master,Master,85.0,61.0
823,Matchstick-Men,Matchstick-Men,82.0,74.0
824,Matrix-Reloaded,Matrix-Reloaded,73.0,72.0
825,Matrix,Matrix,88.0,85.0
826,Max-Payne,Max-Payne,16.0,29.0
827,Mean-Streets,Mean-Streets,95.0,84.0
828,Mechanic,Mechanic,25.0,66.0
829,Mechanic,Mechanic,53.0,51.0
830,Meet-Joe-Black,Meet-Joe-Black,45.0,81.0
831,Meet-John-Doe,Meet-John-Doe,91.0,83.0
832,Megamind,Megamind,72.0,72.0
833,Memento,Memento,93.0,94.0
834,Men-in-Black,Men-in-Black,92.0,79.0
835,Men-in-Black-3,Men-in-Black-3,,
836,Men-Who-Stare-at-Goats,Men-Who-Stare-at-Goats,50.0,39.0
837,Metro,Metro,15.0,27.0
838,Miami-Vice,Miami-Vice,47.0,43.0
839,Midnight-Cowboy,Midnight-Cowboy,88.0,88.0
840,Midnight-Express,Midnight-Express,96.0,89.0
841,Midnight-in-Paris,Midnight-in-Paris,93.0,83.0
842,Mighty-Joe-Young,Mighty-Joe-Young,95.0,63.0
843,Mighty-Joe-Young,Mighty-Joe-Young,54.0,40.0
844,Mighty-Morphin-Power-Rangers-The-Movie,Mighty-Morphin-Power-Rangers:-The-Movie,,
845,Milk,Milk,93.0,89.0
846,Miller's-Crossing,Miller's-Crossing,92.0,90.0
847,Mimic,Mimic,,
848,Mini's-First-Time,Mini's-First-Time,,
849,Minority-Report,Minority-Report,90.0,80.0
850,Miracle-Worker,Miracle-Worker,96.0,88.0
851,Mirrors,Mirrors,15.0,44.0
852,Misery,Misery,90.0,89.0
853,Mission-Impossible,Mission-Impossible,,
854,Mission-Impossible-II,Mission-Impossible-II,,
855,Mission-to-Mars,Mission-to-Mars,24.0,30.0
856,Moneyball,Moneyball,94.0,86.0
857,Monkeybone,Monkeybone,19.0,27.0
858,Monster's-Ball,Monster's-Ball,85.0,67.0
859,Monte-Carlo,Monte-Carlo,40.0,49.0
860,Moon,Moon,90.0,89.0
861,Moonrise-Kingdom,Moonrise-Kingdom,94.0,86.0
862,Moonstruck,Moonstruck,93.0,81.0
863,Mr-Blandings-Builds-His-Dream-House,Mr-Blandings-Builds-His-Dream-House,,
864,Mr-Brooks,Mr-Brooks,,
865,Mr-Deeds-Goes-to-Town,Mr-Deeds-Goes-to-Town,,
866,Mr.-Holland's-Opus,Mr.-Holland's-Opus,75.0,84.0
867,Mrs.-Brown,Mrs.-Brown,92.0,78.0
868,Mud,Mud,97.0,80.0
869,Mulan,Mulan,86.0,85.0
870,Mulholland-Drive,Mulholland-Drive,83.0,87.0
871,Mumford,Mumford,57.0,66.0
872,Mummy,Mummy,88.0,72.0
873,Mummy,Mummy,89.0,64.0
874,Mummy,Mummy,61.0,75.0
875,Mummy,Mummy,16.0,35.0
876,Music-of-the-Heart,Music-of-the-Heart,63.0,72.0
877,Mute-Witness,Mute-Witness,,
878,My-Best-Friend's-Wedding,My-Best-Friend's-Wedding,73.0,73.0
879,My-Girl,My-Girl,53.0,77.0
880,My-Mother-Dreams-the-Satan's-Disciples-in-New-York,My-Mother-Dreams-the-Satan's-Disciples-in-New-York,,
881,My-Week-with-Marilyn,My-Week-with-Marilyn,83.0,71.0
882,Mystery-Men,Mystery-Men,61.0,57.0
883,Napoleon-Dynamite,Napoleon-Dynamite,71.0,74.0
884,Nashville,Nashville,90.0,84.0
885,Natural-Born-Killers,Natural-Born-Killers,48.0,81.0
886,Never-Been-Kissed,Never-Been-Kissed,55.0,69.0
887,Neverending-Story,Neverending-Story,80.0,81.0
888,New-York-Minute,New-York-Minute,11.0,47.0
889,Newsies,Newsies,39.0,88.0
890,Next,Next,28.0,53.0
891,Next-Friday,Next-Friday,22.0,76.0
892,Next-Three-Days,Next-Three-Days,50.0,66.0
893,Ni-vu-ni-connu,Ni-vu-ni-connu,,
894,Nick-of-Time,Nick-of-Time,32.0,47.0
895,Night-Time-(The-Poltergeist-Treatment),Night-Time-(The-Poltergeist-Treatment),,
896,Nightbreed,Nightbreed,39.0,60.0
897,Nightmare-Before-Christmas,Nightmare-Before-Christmas,95.0,91.0
898,Nightmare-Before-Christmas,Nightmare-Before-Christmas,95.0,91.0
899,Nightmare-on-Elm-Street,Nightmare-on-Elm-Street,,
900,Nightmare-on-Elm-Street-The-Final-Chapter,Nightmare-on-Elm-Street:-The-Final-Chapter,,
901,Nine,Nine,39.0,37.0
902,Nines,Nines,65.0,61.0
903,Ninja-Assassin,Ninja-Assassin,26.0,54.0
904,Ninotchka,Ninotchka,97.0,89.0
905,Ninth-Gate,Ninth-Gate,43.0,57.0
906,No-Country-for-Old-Men,No-Country-for-Old-Men,93.0,86.0
907,No-Strings-Attached,No-Strings-Attached,49.0,51.0
908,Notting-Hill,Notting-Hill,83.0,79.0
909,Nurse-Betty,Nurse-Betty,83.0,45.0
910,O-Brother-Where-Art-Thou?,O-Brother-Where-Art-Thou?,,
911,Oblivion,Oblivion,53.0,61.0
912,Observe-and-Report,Observe-and-Report,51.0,37.0
913,Obsessed,Obsessed,19.0,46.0
914,Ocean's-Eleven,Ocean's-Eleven,82.0,80.0
915,Ocean's-Twelve,Ocean's-Twelve,55.0,60.0
916,Office-Space,Office-Space,80.0,93.0
917,Officer-and-a-Gentleman,Officer-and-a-Gentleman,,
918,Omega-Man,Omega-Man,65.0,53.0
919,One-Flew-Over-the-Cuckoo's-Nest,One-Flew-Over-the-Cuckoo's-Nest,94.0,96.0
920,Only-God-Forgives,Only-God-Forgives,41.0,37.0
921,Ordinary-People,Ordinary-People,89.0,88.0
922,Orgy-of-the-Dead,Orgy-of-the-Dead,0.0,22.0
923,Orphan,Orphan,56.0,63.0
924,Other-Boleyn-Girl,Other-Boleyn-Girl,43.0,62.0
925,Out-of-Sight,Out-of-Sight,93.0,74.0
926,Outbreak,Outbreak,60.0,56.0
927,Pacifier,Pacifier,21.0,59.0
928,Pandorum,Pandorum,30.0,49.0
929,Panic-Room,Panic-Room,75.0,63.0
930,Papadopoulos-&-Sons,Papadopoulos-&-Sons,71.0,52.0
931,ParaNorman,ParaNorman,89.0,72.0
932,Pariah,Pariah,43.0,49.0
933,Pariah,Pariah,95.0,82.0
934,Passengers,Passengers,19.0,35.0
935,Passengers,Passengers,31.0,63.0
936,Passion-of-Joan-of-Arc,Passion-of-Joan-of-Arc,,
937,Patriot,Patriot,61.0,81.0
938,Paul,Paul,70.0,62.0
939,Pearl-Harbor,Pearl-Harbor,24.0,66.0
940,Peeping-Tom,Peeping-Tom,96.0,85.0
941,Peggy-Sue-Got-Married,Peggy-Sue-Got-Married,86.0,55.0
942,Perfect-Creature,Perfect-Creature,,
943,Perfect-World,Perfect-World,,
944,Perks-of-Being-a-Wallflower,Perks-of-Being-a-Wallflower,86.0,89.0
945,Pet-Sematary,Pet-Sematary,51.0,59.0
946,Pet-Sematary,Pet-Sematary,58.0,33.0
947,Pet-Sematary-II,Pet-Sematary-II,,
948,Petulia,Petulia,86.0,81.0
949,Philadelphia,Philadelphia,80.0,89.0
950,Phone-Booth,Phone-Booth,72.0,64.0
951,Pi,Pi,88.0,85.0
952,Pianist,Pianist,95.0,96.0
953,Piano,Piano,92.0,86.0
954,Pineapple-Express,Pineapple-Express,68.0,73.0
955,Pirates-of-the-Caribbean,Pirates-of-the-Caribbean,,
956,Pirates-of-the-Caribbean-Dead-Man's-Chest,Pirates-of-the-Caribbean:-Dead-Man's-Chest,53.0,72.0
957,Pitch-Black,Pitch-Black,59.0,77.0
958,Planet-of-the-Apes,Planet-of-the-Apes,87.0,87.0
959,Planet-of-the-Apes,Planet-of-the-Apes,44.0,27.0
960,Platinum-Blonde,Platinum-Blonde,88.0,66.0
961,Platoon,Platoon,88.0,93.0
962,Pleasantville,Pleasantville,85.0,79.0
963,Point-Break,Point-Break,70.0,79.0
964,Point-Break,Point-Break,11.0,29.0
965,Pokemon-Mewtwo-Returns,Pokemon:-Mewtwo-Returns,,
966,Postman,Postman,8.0,50.0
967,Power-of-One,Power-of-One,39.0,87.0
968,Precious,Precious,,
969,Predator,Predator,81.0,87.0
970,Predator,Predator,32.0,33.0
971,Prestige,Prestige,76.0,92.0
972,Pretty-Woman,Pretty-Woman,63.0,68.0
973,Pretty-Woman-(final-script),Pretty-Woman-(final-script),,
974,Pride-and-Prejudice,Pride-and-Prejudice,100.0,77.0
975,Pride-and-Prejudice,Pride-and-Prejudice,66.0,56.0
976,Pride-and-Prejudice,Pride-and-Prejudice,86.0,89.0
977,Priest,Priest,15.0,46.0
978,Princess-Bride,Princess-Bride,97.0,94.0
979,Private-Life-of-Sherlock-Holmes,Private-Life-of-Sherlock-Holmes,92.0,73.0
980,Producer,Producer,,
981,Program,Program,43.0,80.0
982,Program,Program,62.0,43.0
983,Prom-Night,Prom-Night,48.0,35.0
984,Prom-Night,Prom-Night,7.0,38.0
985,Prometheus,Prometheus,73.0,68.0
986,Prophecy,Prophecy,24.0,36.0
987,Prophecy,Prophecy,43.0,64.0
988,Proposal,Proposal,45.0,67.0
989,Psycho,Psycho,38.0,28.0
990,Psycho,Psycho,96.0,95.0
991,Public-Enemies,Public-Enemies,68.0,59.0
992,Pulp-Fiction,Pulp-Fiction,92.0,96.0
993,Punch-Drunk-Love,Punch-Drunk-Love,79.0,77.0
994,Purple-Rain,Purple-Rain,70.0,78.0
995,Quantum-Project,Quantum-Project,,
996,Queen-of-the-Damned,Queen-of-the-Damned,17.0,66.0
997,Queen,Queen,96.0,76.0
998,Queen,Queen,96.0,62.0
999,Rachel-Getting-Married,Rachel-Getting-Married,84.0,62.0
1000,Raging-Bull,Raging-Bull,93.0,93.0
1001,Raising-Arizona,Raising-Arizona,91.0,85.0
1002,Rambling-Rose,Rambling-Rose,100.0,53.0
1003,Rambo-First-Blood-II-The-Mission,Rambo:-First-Blood-II:-The-Mission,,
1004,Reader,Reader,63.0,79.0
1005,Real-Genius,Real-Genius,73.0,83.0
1006,Rear-Window,Rear-Window,99.0,95.0
1007,Rebel-Without-A-Cause,Rebel-Without-A-Cause,94.0,88.0
1008,Red-Planet,Red-Planet,14.0,28.0
1009,Red-Riding-Hood,Red-Riding-Hood,10.0,39.0
1010,Reindeer-Games,Reindeer-Games,,
1011,Relic,Relic,36.0,34.0
1012,Relic,Relic,91.0,49.0
1013,Remember-Me,Remember-Me,27.0,69.0
1014,Replacements,Replacements,41.0,66.0
1015,Repo-Man,Repo-Man,98.0,78.0
1016,Rescuers-Down-Under,Rescuers-Down-Under,70.0,68.0
1017,Reservoir-Dogs,Reservoir-Dogs,92.0,94.0
1018,Resident-Evil,Resident-Evil,36.0,67.0
1019,Return-of-the-Apes,Return-of-the-Apes,,
1020,Revenant,Revenant,58.0,50.0
1021,Revenant,Revenant,78.0,84.0
1022,Revolutionary-Road,Revolutionary-Road,67.0,71.0
1023,Ringu,Ringu,,
1024,Rise-of-the-Guardians,Rise-of-the-Guardians,75.0,80.0
1025,Rise-of-the-Planet-of-the-Apes,Rise-of-the-Planet-of-the-Apes,82.0,77.0
1026,RKO-281,RKO-281,,
1027,Road,Road,73.0,68.0
1028,Road,Road,65.0,59.0
1029,Robin-Hood-Prince-of-Thieves,Robin-Hood:-Prince-of-Thieves,51.0,72.0
1030,Robocop,Robocop,90.0,84.0
1031,Robocop,Robocop,48.0,49.0
1032,Rock,Rock,66.0,85.0
1033,RocknRolla,RocknRolla,60.0,71.0
1034,Rocky,Rocky,94.0,69.0
1035,Rocky-Horror-Picture-Show,Rocky-Horror-Picture-Show,80.0,85.0
1036,Romeo-&-Juliet,Romeo-&-Juliet,,
1037,Ronin,Ronin,68.0,80.0
1038,Room,Room,93.0,93.0
1039,Roommate,Roommate,3.0,27.0
1040,Roughshod,Roughshod,,
1041,Ruins,Ruins,48.0,30.0
1042,Runaway-Bride,Runaway-Bride,46.0,53.0
1043,Rush,Rush,71.0,72.0
1044,Rush,Rush,88.0,88.0
1045,Rush-Hour,Rush-Hour,61.0,78.0
1046,Rush-Hour-2,Rush-Hour-2,52.0,74.0
1047,Rushmore,Rushmore,89.0,91.0
1048,Rust-and-Bone,Rust-and-Bone,,
1049,S.-Darko,S.-Darko,,
1050,Saint,Saint,30.0,63.0
1051,Saint,Saint,55.0,29.0
1052,Salton-Sea,Salton-Sea,64.0,82.0
1053,Sandlot-Kids,Sandlot-Kids,,
1054,Save-the-Last-Dance,Save-the-Last-Dance,53.0,59.0
1055,Saving-Mr.-Banks,Saving-Mr.-Banks,79.0,84.0
1056,Saving-Private-Ryan,Saving-Private-Ryan,93.0,95.0
1057,Saw,Saw,49.0,84.0
1058,Scarface,Scarface,98.0,86.0
1059,Scarface,Scarface,82.0,93.0
1060,Scary-Movie-2,Scary-Movie-2,15.0,52.0
1061,Schindler's-List,Schindler's-List,97.0,97.0
1062,Scott-Pilgrim-vs-the-World,Scott-Pilgrim-vs-the-World,,
1063,Scream,Scream,78.0,79.0
1064,Scream-2,Scream-2,81.0,57.0
1065,Scream-3,Scream-3,39.0,37.0
1066,Se7en,Se7en,,
1067,Searchers,Searchers,98.0,88.0
1068,Secret-Life-of-Walter-Mitty,Secret-Life-of-Walter-Mitty,71.0,81.0
1069,Secret-Life-of-Walter-Mitty,Secret-Life-of-Walter-Mitty,52.0,71.0
1070,Semi-Pro,Semi-Pro,22.0,38.0
1071,Sense-and-Sensibility,Sense-and-Sensibility,,
1072,Serenity,Serenity,82.0,91.0
1073,Serenity,Serenity,20.0,29.0
1074,Serial-Mom,Serial-Mom,63.0,72.0
1075,Sessions,Sessions,91.0,80.0
1076,Seventh-Seal,Seventh-Seal,,
1077,Sex-and-the-City,Sex-and-the-City,50.0,77.0
1078,Sex,Sex,,
1079,Sexual-Life,Sexual-Life,,
1080,Shadow-of-the-Vampire,Shadow-of-the-Vampire,82.0,74.0
1081,Shakespeare-in-Love,Shakespeare-in-Love,92.0,80.0
1082,Shallow-Grave,Shallow-Grave,69.0,83.0
1083,Shame,Shame,79.0,75.0
1084,Shampoo,Shampoo,60.0,52.0
1085,Shawshank-Redemption,Shawshank-Redemption,91.0,98.0
1086,She's-Out-of-My-League,She's-Out-of-My-League,58.0,59.0
1087,Sherlock-Holmes,Sherlock-Holmes,69.0,77.0
1088,Shifty,Shifty,96.0,67.0
1089,Shining,Shining,84.0,93.0
1090,Shipping-News,Shipping-News,55.0,61.0
1091,Shivers,Shivers,,
1092,Shrek,Shrek,88.0,90.0
1093,Shrek-the-Third,Shrek-the-Third,41.0,52.0
1094,Sicario,Sicario,92.0,85.0
1095,Sideways,Sideways,97.0,79.0
1096,Siege,Siege,44.0,53.0
1097,Signs,Signs,74.0,67.0
1098,Silence-of-the-Lambs,Silence-of-the-Lambs,96.0,95.0
1099,Silver-Bullet,Silver-Bullet,,
1100,Silver-Linings-Playbook,Silver-Linings-Playbook,92.0,86.0
1101,Simone,Simone,50.0,35.0
1102,Single-White-Female,Single-White-Female,54.0,44.0
1103,Sister-Act,Sister-Act,74.0,65.0
1104,Six-Degrees-of-Separation,Six-Degrees-of-Separation,88.0,71.0
1105,Sixth-Sense,Sixth-Sense,86.0,90.0
1106,Sleepless-in-Seattle,Sleepless-in-Seattle,,
1107,Sleepy-Hollow,Sleepy-Hollow,69.0,80.0
1108,Sling-Blade,Sling-Blade,96.0,92.0
1109,Slither,Slither,86.0,63.0
1110,Slumdog-Millionaire,Slumdog-Millionaire,91.0,90.0
1111,Smashed,Smashed,83.0,68.0
1112,Smokin'-Aces,Smokin'-Aces,30.0,62.0
1113,Snatch,Snatch,73.0,93.0
1114,Sneakers,Sneakers,79.0,80.0
1115,Snow-Falling-On-Cedars,Snow-Falling-On-Cedars,39.0,68.0
1116,Snow-White-and-the-Huntsman,Snow-White-and-the-Huntsman,49.0,52.0
1117,So-I-Married-an-Axe-Murderer,So-I-Married-an-Axe-Murderer,53.0,68.0
1118,Social-Network,Social-Network,96.0,86.0
1119,Solaris,Solaris,66.0,59.0
1120,Soldier,Soldier,13.0,44.0
1121,Someone-To-Watch-Over-Me,Someone-To-Watch-Over-Me,67.0,41.0
1122,Something's-Gotta-Give,Something's-Gotta-Give,72.0,69.0
1123,Source-Code,Source-Code,92.0,82.0
1124,South-Park,South-Park,,
1125,Space-Milkshake,Space-Milkshake,,
1126,Spanglish,Spanglish,53.0,60.0
1127,Spare-Me,Spare-Me,,
1128,Spartan,Spartan,65.0,62.0
1129,Speed,Speed,94.0,76.0
1130,Speed-Racer,Speed-Racer,40.0,60.0
1131,Sphere,Sphere,11.0,38.0
1132,Spider-Man,Spider-Man,90.0,67.0
1133,St.-Elmo's-Fire,St.-Elmo's-Fire,44.0,68.0
1134,Star-Trek,Star-Trek,94.0,91.0
1135,Star-Trek-II-The-Wrath-of-Khan,Star-Trek-II-The-Wrath-of-Khan,88.0,90.0
1136,Star-Trek-First-Contact,Star-Trek-First-Contact,92.0,89.0
1137,Star-Trek-Generations,Star-Trek-Generations,,
1138,Star-Trek-Nemesis,Star-Trek-Nemesis,38.0,49.0
1139,Star-Trek-The-Motion-Picture,Star-Trek-The-Motion-Picture,41.0,42.0
1140,Star-Wars-A-New-Hope,Star-Wars-A-New-Hope,,
1141,Star-Wars-Attack-of-the-Clones,Star-Wars-Attack-of-the-Clones,,
1142,Star-Wars-Return-of-the-Jedi,Star-Wars-Return-of-the-Jedi,,
1143,Star-Wars-Revenge-of-the-Sith,Star-Wars-Revenge-of-the-Sith,,
1144,Star-Wars-The-Empire-Strikes-Back,Star-Wars-The-Empire-Strikes-Back,,
1145,Star-Wars-The-Force-Awakens,Star-Wars-The-Force-Awakens,,
1146,Star-Wars-The-Phantom-Menace,Star-Wars-The-Phantom-Menace,,
1147,Starman,Starman,85.0,69.0
1148,Starship-Troopers,Starship-Troopers,65.0,70.0
1149,State-and-Main,State-and-Main,86.0,70.0
1150,Station-West,Station-West,,
1151,Stepmom,Stepmom,45.0,75.0
1152,Sting,Sting,94.0,95.0
1153,Stir-of-Echoes,Stir-of-Echoes,67.0,70.0
1154,Storytelling,Storytelling,53.0,67.0
1155,Straight-Outta-Compton,Straight-Outta-Compton,89.0,85.0
1156,Strange-Days,Strange-Days,,
1157,Strangers-on-a-Train,Strangers-on-a-Train,,
1158,Stuntman,Stuntman,,
1159,Sugar,Sugar,92.0,80.0
1160,Sugar-and-Spice,Sugar-and-Spice,,
1161,Sunset-Blvd.,Sunset-Blvd.,,
1162,Sunshine-Cleaning,Sunshine-Cleaning,74.0,63.0
1163,Super-8,Super-8,81.0,75.0
1164,Superbad,Superbad,88.0,87.0
1165,Superfights,Superfights,,
1166,Supergirl,Supergirl,9.0,26.0
1167,Surfer-King,Surfer-King,,
1168,Surrogates,Surrogates,37.0,38.0
1169,Suspect-Zero,Suspect-Zero,18.0,38.0
1170,Sweeney-Todd-The-Demon-Barber-of-Fleet-Street,Sweeney-Todd:-The-Demon-Barber-of-Fleet-Street,86.0,81.0
1171,Sweet-Hereafter,Sweet-Hereafter,98.0,86.0
1172,Sweet-Smell-of-Success,Sweet-Smell-of-Success,98.0,92.0
1173,Swingers,Swingers,87.0,89.0
1174,Swordfish,Swordfish,25.0,59.0
1175,Synecdoche,Synecdoche,,
1176,Syriana,Syriana,73.0,67.0
1177,Take-Shelter,Take-Shelter,92.0,81.0
1178,Taking-Lives,Taking-Lives,22.0,55.0
1179,Taking-of-Pelham-One-Two-Three,Taking-of-Pelham-One-Two-Three,100.0,88.0
1180,Taking-Sides,Taking-Sides,,
1181,Talented-Mr.-Ripley,Talented-Mr.-Ripley,83.0,80.0
1182,Tall-in-the-Saddle,Tall-in-the-Saddle,,
1183,Tamara-Drewe,Tamara-Drewe,65.0,42.0
1184,Taxi-Driver,Taxi-Driver,96.0,93.0
1185,Ted,Ted,69.0,73.0
1186,Tenet,Tenet,,
1187,Terminator,Terminator,100.0,89.0
1188,Terminator-2-Judgement-Day,Terminator-2:-Judgement-Day,,
1189,Terminator-Salvation,Terminator-Salvation,33.0,54.0
1190,The-Rage-Carrie-2,The-Rage:-Carrie-2,,
1191,Thelma-&-Louise,Thelma-&-Louise,84.0,82.0
1192,Theory-of-Everything,Theory-of-Everything,80.0,84.0
1193,There's-Something-About-Mary,There's-Something-About-Mary,83.0,61.0
1194,They,They,38.0,24.0
1195,Thing,Thing,85.0,92.0
1196,Thing,Thing,34.0,42.0
1197,Things-My-Father-Never-Taught-Me,Things-My-Father-Never-Taught-Me,,
1198,Thirteen-Days,Thirteen-Days,83.0,80.0
1199,This-Boy's-Life,This-Boy's-Life,76.0,79.0
1200,This-is-40,This-is-40,51.0,50.0
1201,Thor,Thor,77.0,76.0
1202,Thor-Ragnarok,Thor-Ragnarok,,
1203,Three-Kings,Three-Kings,94.0,77.0
1204,Three-Kings-(Spoils-of-War),Three-Kings-(Spoils-of-War),,
1205,Three-Men-and-a-Baby,Three-Men-and-a-Baby,,
1206,Three-Musketeers,Three-Musketeers,78.0,74.0
1207,Three-Musketeers,Three-Musketeers,86.0,78.0
1208,Three-Musketeers,Three-Musketeers,28.0,62.0
1209,Three-Musketeers,Three-Musketeers,26.0,39.0
1210,Thunderbirds,Thunderbirds,19.0,36.0
1211,Thunderheart,Thunderheart,89.0,75.0
1212,Ticker,Ticker,,
1213,Timber-Falls,Timber-Falls,38.0,28.0
1214,Time-Machine,Time-Machine,76.0,79.0
1215,Time-Machine,Time-Machine,29.0,37.0
1216,Tin-Cup,Tin-Cup,71.0,65.0
1217,Tin-Men,Tin-Men,77.0,63.0
1218,Tinker-Tailor-Soldier-Spy,Tinker-Tailor-Soldier-Spy,83.0,65.0
1219,Titanic,Titanic,91.0,66.0
1220,Titanic,Titanic,89.0,69.0
1221,TMNT,TMNT,35.0,60.0
1222,To-Sleep-with-Anger,To-Sleep-with-Anger,88.0,78.0
1223,Tombstone,Tombstone,,
1224,Tomorrow-Never-Dies,Tomorrow-Never-Dies,57.0,53.0
1225,Top-Gun,Top-Gun,54.0,83.0
1226,Total-Recall,Total-Recall,82.0,78.0
1227,Total-Recall,Total-Recall,31.0,47.0
1228,Tourist,Tourist,20.0,42.0
1229,Town,Town,93.0,85.0
1230,Toy-Story,Toy-Story,100.0,92.0
1231,Traffic,Traffic,93.0,85.0
1232,Training-Day,Training-Day,73.0,89.0
1233,Trainspotting,Trainspotting,91.0,93.0
1234,Transformers-The-Movie,Transformers:-The-Movie,58.0,88.0
1235,Tremors,Tremors,86.0,75.0
1236,Tristan-and-Isolde,Tristan-and-Isolde,,
1237,TRON,TRON,72.0,69.0
1238,TRON-Legacy,TRON:-Legacy,,
1239,Tropic-Thunder,Tropic-Thunder,82.0,70.0
1240,Troy,Troy,54.0,73.0
1241,True-Grit,True-Grit,89.0,84.0
1242,True-Grit,True-Grit,96.0,85.0
1243,True-Lies,True-Lies,,
1244,True-Romance,True-Romance,93.0,93.0
1245,Truman-Show,Truman-Show,95.0,89.0
1246,Twilight,Twilight,60.0,30.0
1247,Twilight,Twilight,49.0,73.0
1248,Twilight-New-Moon,Twilight:-New-Moon,,
1249,Twin-Peaks,Twin-Peaks,,
1250,Twins,Twins,43.0,39.0
1251,Twister,Twister,58.0,58.0
1252,Two-For-The-Money,Two-For-The-Money,22.0,48.0
1253,U-Turn,U-Turn,,
1254,Ugly-Truth,Ugly-Truth,14.0,60.0
1255,Un-Singe-en-Hiver,Un-Singe-en-Hiver,,
1256,Unbreakable,Unbreakable,70.0,77.0
1257,Under-Fire,Under-Fire,90.0,69.0
1258,Unforgiven,Unforgiven,60.0,59.0
1259,Unforgiven,Unforgiven,96.0,93.0
1260,Unknown,Unknown,54.0,55.0
1261,Up,Up,98.0,90.0
1262,Up-in-the-Air,Up-in-the-Air,91.0,79.0
1263,Usual-Suspects,Usual-Suspects,89.0,96.0
1264,V-for-Vendetta,V-for-Vendetta,73.0,90.0
1265,Valentine's-Day,Valentine's-Day,18.0,47.0
1266,Valkyrie,Valkyrie,62.0,65.0
1267,Vanilla-Sky,Vanilla-Sky,42.0,72.0
1268,Verdict,Verdict,88.0,88.0
1269,Vertigo,Vertigo,94.0,93.0
1270,Very-Bad-Things,Very-Bad-Things,41.0,58.0
1271,Village,Village,43.0,57.0
1272,Virtuosity,Virtuosity,32.0,32.0
1273,Visitor,Visitor,89.0,84.0
1274,Visitor,Visitor,78.0,44.0
1275,Wag-the-Dog,Wag-the-Dog,85.0,76.0
1276,Walk-to-Remember,Walk-to-Remember,,
1277,Walking-Tall,Walking-Tall,75.0,71.0
1278,Walking-Tall,Walking-Tall,26.0,60.0
1279,Wall-Street,Wall-Street,79.0,81.0
1280,Wall-Street-Money-Never-Sleeps,Wall-Street:-Money-Never-Sleeps,55.0,44.0
1281,Wall-E,Wall-E,95.0,90.0
1282,Wanted,Wanted,71.0,69.0
1283,War-for-the-Planet-of-the-Apes,War-for-the-Planet-of-the-Apes,94.0,84.0
1284,War-Horse,War-Horse,75.0,74.0
1285,War-of-the-Worlds,War-of-the-Worlds,89.0,71.0
1286,War-of-the-Worlds,War-of-the-Worlds,75.0,42.0
1287,Warm-Springs,Warm-Springs,,
1288,Warrior,Warrior,83.0,92.0
1289,Watchmen,Watchmen,65.0,71.0
1290,Water-for-Elephants,Water-for-Elephants,60.0,70.0
1291,Way-Back,Way-Back,74.0,72.0
1292,Way-Back,Way-Back,84.0,84.0
1293,We-Own-the-Night,We-Own-the-Night,57.0,61.0
1294,What-About-Bob?,What-About-Bob?,84.0,79.0
1295,What-Lies-Beneath,What-Lies-Beneath,46.0,58.0
1296,When-a-Stranger-Calls,When-a-Stranger-Calls,41.0,49.0
1297,When-a-Stranger-Calls,When-a-Stranger-Calls,9.0,44.0
1298,When-Harry-Met-Sally,When-Harry-Met-Sally,91.0,89.0
1299,While-She-Was-Out,While-She-Was-Out,31.0,17.0
1300,Whistleblower,Whistleblower,75.0,71.0
1301,White-Christmas,White-Christmas,77.0,88.0
1302,White-Jazz,White-Jazz,,
1303,White-Ribbon,White-Ribbon,,
1304,White-Squall,White-Squall,58.0,65.0
1305,Whiteout,Whiteout,7.0,21.0
1306,Who-Framed-Roger-Rabbit?,Who-Framed-Roger-Rabbit?,97.0,84.0
1307,Who's-Your-Daddy,Who's-Your-Daddy,,
1308,Wild-At-Heart,Wild-At-Heart,,
1309,Wild-Bunch,Wild-Bunch,90.0,91.0
1310,Wild-Hogs,Wild-Hogs,14.0,61.0
1311,Wild-Things,Wild-Things,62.0,53.0
1312,Wild-Things-Diamonds-in-the-Rough,Wild-Things:-Diamonds-in-the-Rough,,
1313,Wild-Wild-West,Wild-Wild-West,17.0,28.0
1314,Willow,Willow,51.0,79.0
1315,Win-Win,Win-Win,94.0,85.0
1316,Wind-Chill,Wind-Chill,46.0,31.0
1317,Withnail-and-I,Withnail-and-I,94.0,94.0
1318,Witness,Witness,93.0,80.0
1319,Wizard-of-Oz,Wizard-of-Oz,98.0,89.0
1320,Wolf-of-Wall-Street,Wolf-of-Wall-Street,80.0,83.0
1321,Wonder-Boys,Wonder-Boys,82.0,83.0
1322,Wonder-Woman,Wonder-Woman,82.0,78.0
1323,Wonder-Woman,Wonder-Woman,93.0,86.0
1324,Woodsman,Woodsman,88.0,77.0
1325,World-is-not-Enough,World-is-not-Enough,52.0,49.0
1326,Wrestler,Wrestler,98.0,88.0
1327,X-Files-Fight-the-Future,X-Files:-Fight-the-Future,66.0,72.0
1328,X-Men,X-Men,81.0,83.0
1329,X-Men-Origins-Wolverine,X-Men-Origins:-Wolverine,37.0,58.0
1330,xXx,xXx,48.0,58.0
1331,Year-One,Year-One,14.0,23.0
1332,Yes-Man,Yes-Man,46.0,66.0
1333,You-Can-Count-On-Me,You-Can-Count-On-Me,95.0,88.0
1334,You've-Got-Mail,You've-Got-Mail,70.0,73.0
1335,Youth-in-Revolt,Youth-in-Revolt,66.0,52.0
1336,Zero-Dark-Thirty,Zero-Dark-Thirty,91.0,80.0
1337,Zerophilia,Zerophilia,25.0,61.0
1338,Zootopia,Zootopia,98.0,92.0
