,movie_title_x,tomatometer_rating,audience_rating
0,10-Things-I-Hate-About-You,69.0,69.0
1,12,77.0,84.0
2,12-and-Holding,73.0,79.0
3,12-Monkeys,89.0,88.0
4,12-Years-a-Slave,95.0,90.0
5,127-Hours,93.0,85.0
6,1492:-Conquest-of-Paradise,32.0,50.0
7,15-Minutes,32.0,37.0
8,17-Again,56.0,67.0
9,187,30.0,67.0
10,2001:-A-Space-Odyssey,92.0,89.0
11,2012,39.0,47.0
12,20th-Century-Women,88.0,74.0
13,25th-Hour,78.0,85.0
14,28-Days-Later,87.0,85.0
15,30-Minutes-or-Less,45.0,40.0
16,42,80.0,85.0
17,44-Inch-Chest,41.0,36.0
18,48-Hrs.,93.0,69.0
19,50-50,93.0,88.0
20,500-Days-of-Summer,85.0,84.0
21,8-Mile,75.0,54.0
22,8MM,21.0,52.0
23,9,57.0,56.0
24,A-Few-Good-Men,83.0,89.0
25,A-Most-Violent-Year,89.0,69.0
26,A-Prayer-Before-Dawn,92.0,75.0
27,A-Quiet-Place,96.0,83.0
28,A-Scanner-Darkly,68.0,74.0
29,A-Serious-Man,90.0,68.0
30,A.I.,74.0,64.0
31,Above-the-Law,53.0,48.0
32,Absolute-Power,57.0,52.0
33,Abyss,,
34,Ace-Ventura:-Pet-Detective,49.0,57.0
35,Adaptation,91.0,85.0
36,Addams-Family,64.0,66.0
37,Addams-Family,44.0,69.0
38,Adjustment-Bureau,71.0,67.0
39,Adventures-of-Buckaroo-Banzai-Across-the-Eighth-Dimension,68.0,69.0
40,Affliction,88.0,71.0
41,After-School-Special,,
42,After.Life,25.0,33.0
43,Agnes-of-God,43.0,55.0
44,Air-Force-One,78.0,66.0
45,Airplane,97.0,89.0
46,Airplane-2:-The-Sequel,42.0,50.0
47,Aladdin,57.0,94.0
48,Aladdin,95.0,92.0
49,Ali,68.0,65.0
50,Alien,98.0,94.0
51,Alien-3,,
52,Alien-Nation,53.0,44.0
53,Alien-vs.-Predator,21.0,39.0
54,Alien:-Resurrection,54.0,39.0
55,Aliens,97.0,94.0
56,All-About-Eve,99.0,94.0
57,All-About-Steve,6.0,30.0
58,All-the-King's-Men,95.0,78.0
59,All-the-King's-Men,11.0,40.0
60,All-the-President's-Men,94.0,92.0
61,Almost-Famous,89.0,92.0
62,Alone-in-the-Dark,1.0,11.0
63,Amadeus,93.0,95.0
64,Amelia,20.0,31.0
65,American-Beauty,87.0,93.0
66,American-Gangster,80.0,87.0
67,American-Graffiti,96.0,84.0
68,American-History-X,83.0,96.0
69,American-Hustle,92.0,74.0
70,American-Madness,,
71,American-Milkshake,,
72,American-Outlaws,14.0,68.0
73,American-Pie,61.0,61.0
74,American-President,91.0,77.0
75,American-Psycho,69.0,85.0
76,American-Shaolin:-King-of-Kickboxers-II,,
77,American-Sniper,72.0,84.0
78,American-Splendor,94.0,86.0
79,American-Werewolf-in-London,,
80,American,65.0,39.0
81,Amityville-Asylum,,
82,Amour,93.0,82.0
83,An-Education,94.0,80.0
84,Analyze-That,27.0,39.0
85,Analyze-This,69.0,62.0
86,Anastasia,91.0,78.0
87,Anastasia,86.0,77.0
88,Angel-Eyes,33.0,46.0
89,Angels-&-Demons,37.0,57.0
90,Anna-Karenina,93.0,69.0
91,Anna-Karenina,26.0,66.0
92,Anna-Karenina,63.0,50.0
93,Annie-Hall,98.0,92.0
94,Anniversary-Party,61.0,58.0
95,Anonymous,45.0,53.0
96,Antitrust,24.0,50.0
97,Antz,92.0,52.0
98,Apartment,93.0,94.0
99,Apocalypse-Now,98.0,94.0
100,Apollo-13,96.0,87.0
101,April-Fool's-Day,50.0,47.0
102,Apt-Pupil,53.0,56.0
103,Arbitrage,88.0,62.0
104,Arcade,,
105,Arctic-Blue,,
106,Argo,96.0,90.0
107,Armageddon,38.0,73.0
108,Army-of-Darkness,73.0,87.0
109,Arsenic-and-Old-Lace,81.0,92.0
110,Arthur,88.0,77.0
111,Arthur,27.0,44.0
112,Artist,95.0,87.0
113,As-Good-As-It-Gets,85.0,86.0
114,Assassins,16.0,45.0
115,Assignment,60.0,62.0
116,Assignment,33.0,21.0
117,At-First-Sight,32.0,46.0
118,August:-Osage-County,67.0,65.0
119,Austin-Powers---International-Man-of-Mystery,,
120,Austin-Powers---The-Spy-Who-Shagged-Me,,
121,Authors-Anonymous,7.0,15.0
122,Autumn-in-New-York,19.0,54.0
123,Avatar,82.0,82.0
124,Avengers,5.0,15.0
125,Avengers,5.0,15.0
126,Avengers:-Endgame,94.0,90.0
127,Avventura,,
128,Awakenings,88.0,89.0
129,Babel,69.0,77.0
130,Bachelor-Party,,
131,Bachelor-Party,,
132,Back-to-the-Future,96.0,94.0
133,Back-to-the-Future-II-&-III,,
134,Back-up-Plan,18.0,46.0
135,Backdraft,,
136,Bad-Boys,42.0,78.0
137,Bad-Boys,89.0,81.0
138,Bad-Country,,
139,Bad-Day-at-Black-Rock,97.0,88.0
140,Bad-Dreams,,
141,Bad-Lieutenant,77.0,73.0
142,Bad-Santa,79.0,75.0
143,Bad-Teacher,44.0,36.0
144,Badlands,98.0,90.0
145,Bamboozled,,
146,Barry-Lyndon,91.0,92.0
147,Barton-Fink,90.0,89.0
148,Basic,21.0,63.0
149,Basic-Instinct,53.0,63.0
150,Basquiat,68.0,77.0
151,Batman,,
152,Batman-2,,
153,Batman-and-Robin,,
154,Batman-Begins,84.0,94.0
155,Batman-Forever,39.0,32.0
156,Batman-Returns,80.0,73.0
157,Battle-of-Algiers,,
158,Battle-of-Shaker-Heights,39.0,48.0
159,Battle:-Los-Angeles,36.0,48.0
160,Beach,20.0,57.0
161,Bean,44.0,53.0
162,Beasts-of-No-Nation,,
163,Beasts-of-the-Southern-Wild,87.0,76.0
164,Beauty-and-the-Beast,94.0,92.0
165,Beauty-and-the-Beast,71.0,80.0
166,Beavis-and-Butt-head-Do-America,72.0,69.0
167,Beginners,85.0,77.0
168,Being-Human,54.0,42.0
169,Being-John-Malkovich,93.0,87.0
170,Being-There,95.0,92.0
171,Believer,83.0,82.0
172,Belle,84.0,82.0
173,Beloved,78.0,71.0
174,Beloved,56.0,45.0
175,Benny-&-Joon,76.0,85.0
176,Best-Exotic-Marigold-Hotel,78.0,78.0
177,Big,97.0,82.0
178,Big-Blue,,
179,Big-Eyes,72.0,68.0
180,Big-Fish,75.0,89.0
181,Big-Lebowski,83.0,93.0
182,Big-Sick,98.0,88.0
183,Big-White,30.0,56.0
184,Birdman,91.0,77.0
185,Birds,95.0,83.0
186,Birthday-Girl,58.0,39.0
187,Black-Dahlia,32.0,27.0
188,Black-Panther,96.0,79.0
189,Black-Rain,50.0,55.0
190,Black-Snake-Moan,66.0,69.0
191,Black-Swan,83.0,72.0
192,Black-Swan,85.0,84.0
193,BlacKkKlansman,96.0,83.0
194,Blade,56.0,78.0
195,Blade-II,57.0,68.0
196,Blade-Runner,90.0,91.0
197,Blade:-Trinity,26.0,59.0
198,Blast-from-the-Past,58.0,56.0
199,Blind-Side,66.0,85.0
200,Bling-Ring,59.0,33.0
201,Blood-and-Wine,61.0,35.0
202,Blood-Simple,94.0,88.0
203,Blow,55.0,87.0
204,Blue-Valentine,87.0,77.0
205,Blue-Velvet,94.0,88.0
206,Blues-Brothers,84.0,92.0
207,Bodies,,
208,Body-Heat,,
209,Body-of-Evidence,8.0,22.0
210,Bodyguard,33.0,64.0
211,Bones,23.0,40.0
212,Bonfire-of-the-Vanities,16.0,26.0
213,Bonnie-and-Clyde,88.0,88.0
214,Boogie-Nights,93.0,89.0
215,Book-of-Eli,47.0,64.0
216,Boondock-Saints-2:-All-Saints-Day,,
217,Boondock-Saints,28.0,91.0
218,Bottle-Rocket,85.0,80.0
219,Bound,89.0,82.0
220,Bounty-Hunter,12.0,51.0
221,Bourne-Identity,83.0,93.0
222,Bourne-Supremacy,82.0,90.0
223,Bourne-Ultimatum,92.0,91.0
224,Box,44.0,24.0
225,Boxtrolls,77.0,63.0
226,Boyhood,97.0,81.0
227,Braveheart,78.0,85.0
228,Brazil,,
229,Break,,
230,Breakdown,81.0,67.0
231,Breakfast-Club,89.0,92.0
232,Breaking-Away,95.0,88.0
233,Brick,80.0,86.0
234,Bridesmaids,90.0,76.0
235,Bringing-Out-the-Dead,72.0,70.0
236,Broadcast-News,98.0,79.0
237,Broken-Arrow,89.0,70.0
238,Broken-Arrow,52.0,44.0
239,Broken-Embraces,81.0,75.0
240,Brothers-Bloom,68.0,64.0
241,Bruce-Almighty,48.0,57.0
242,Buffy-the-Vampire-Slayer,35.0,43.0
243,Bull-Durham,97.0,82.0
244,Buried,87.0,65.0
245,Burlesque,37.0,64.0
246,Burn-After-Reading,78.0,65.0
247,Burning-Annie,50.0,38.0
248,Butterfly-Effect,33.0,81.0
249,Cable-Guy,54.0,51.0
250,Candle-to-Water,,
251,Capote,90.0,82.0
252,Carrie,93.0,77.0
253,Carrie,20.0,50.0
254,Carrie,50.0,44.0
255,Carrie,83.0,59.0
256,Cars-2,39.0,49.0
257,Casablanca,99.0,95.0
258,Case-39,21.0,39.0
259,Casino,80.0,93.0
260,Cast-Away,88.0,84.0
261,Catch-Me-If-You-Can,96.0,89.0
262,Catwoman,9.0,18.0
263,Cecil-B.-Demented,53.0,67.0
264,Cedar-Rapids,86.0,59.0
265,Celeste-&-Jesse-Forever,,
266,Cell,11.0,17.0
267,Cell,45.0,57.0
268,Cellular,55.0,59.0
269,Change-Up,25.0,47.0
270,Changeling,62.0,82.0
271,Changeling,83.0,79.0
272,Chaos,,
273,Charade,94.0,92.0
274,Charlie's-Angels,68.0,45.0
275,Charlie's-Angels,52.0,78.0
276,Chasing-Amy,87.0,83.0
277,Chasing-Sleep,,
278,Cherry-Falls,,
279,Chinatown,99.0,93.0
280,Christ-Complex,,
281,Chronicle,85.0,71.0
282,Chronicles-of-Narnia:-The-Lion,,
283,Cider-House-Rules,71.0,77.0
284,Cincinnati-Kid,82.0,78.0
285,Cinema-Paradiso,,
286,Cirque-du-Freak:-The-Vampire's-Assistant,38.0,42.0
287,Citizen-Kane,100.0,90.0
288,City-of-Joy,53.0,75.0
289,City-of-Joy,100.0,60.0
290,Clash-of-the-Titans,68.0,70.0
291,Clash-of-the-Titans,27.0,40.0
292,Clerks,89.0,89.0
293,Cliffhanger,69.0,52.0
294,Clockwork-Orange,,
295,Clueless,82.0,76.0
296,Cobb,65.0,59.0
297,Coco,97.0,94.0
298,Code-of-Silence,63.0,51.0
299,Cold-Mountain,71.0,77.0
300,Collateral,86.0,84.0
301,Collateral-Damage,19.0,27.0
302,Colombiana,28.0,67.0
303,Color-of-Night,22.0,30.0
304,Commando,71.0,67.0
305,Conan-the-Barbarian,64.0,74.0
306,Conan-the-Barbarian,25.0,30.0
307,Confessions-of-a-Dangerous-Mind,79.0,75.0
308,Confidence,69.0,70.0
309,Constantine,46.0,72.0
310,Contact,66.0,78.0
311,Cooler,77.0,69.0
312,Copycat,78.0,64.0
313,Coraline,90.0,73.0
314,Coriolanus,92.0,58.0
315,Courage-Under-Fire,85.0,66.0
316,Cowboys-&-Aliens,44.0,43.0
317,Cradle-2-the-Grave,25.0,52.0
318,Crank,61.0,71.0
319,Crash,74.0,88.0
320,Crazy,,
321,Crazylove,,
322,Creation,46.0,49.0
323,Crime-Spree,33.0,56.0
324,Croods,71.0,77.0
325,Crouching-Tiger,,
326,Croupier,,
327,Crow-Salvation,,
328,Crow,83.0,90.0
329,Crow:-City-of-Angels,12.0,40.0
330,Cruel-Intentions,54.0,81.0
331,Crying-Game,94.0,78.0
332,Cube,63.0,76.0
333,Curious-Case-of-Benjamin-Button,72.0,80.0
334,Custody,,
335,Dallas-Buyers-Club,93.0,91.0
336,Damned-United,92.0,85.0
337,Dances-with-Wolves,83.0,87.0
338,Danish-Girl,67.0,72.0
339,Dark-City,76.0,85.0
340,Dark-Knight-Rises,87.0,90.0
341,Dark-Knight,94.0,94.0
342,Dark-Star,,
343,Darkman,84.0,59.0
344,Date-Night,66.0,55.0
345,Dave-Barry's-Complete-Guide-to-Guys,,
346,Dawn-of-the-Dead,75.0,77.0
347,Day-of-the-Dead,13.0,22.0
348,Day-of-the-Dead,81.0,75.0
349,Day-the-Clown-Cried,,
350,Day-the-Earth-Stood-Still,95.0,87.0
351,Day-the-Earth-Stood-Still,21.0,27.0
352,Days-of-Heaven,92.0,89.0
353,Dead-Poets-Society,84.0,92.0
354,Deadpool,85.0,90.0
355,Dear-White-People,91.0,61.0
356,Death-at-a-Funeral,62.0,79.0
357,Death-at-a-Funeral,43.0,45.0
358,Death-to-Smoochy,42.0,66.0
359,Debt,77.0,66.0
360,Deception,11.0,31.0
361,Deep-Cover,82.0,77.0
362,Deep-Rising,28.0,43.0
363,Deer-Hunter,93.0,92.0
364,Defiance,58.0,72.0
365,Departed,91.0,94.0
366,Descendants,88.0,79.0
367,Despicable-Me-2,75.0,85.0
368,Detroit-Rock-City,48.0,82.0
369,Devil-in-a-Blue-Dress,88.0,70.0
370,Devil-Wears-Prada,75.0,76.0
371,Devil's-Advocate,63.0,80.0
372,Die-Hard,94.0,94.0
373,Die-Hard-2,69.0,70.0
374,Diner,93.0,78.0
375,Distinguished-Gentleman,,
376,Disturbia,69.0,77.0
377,Django-Unchained,87.0,91.0
378,Do-The-Right-Thing,93.0,90.0
379,Dog-Day-Afternoon,96.0,90.0
380,Dogma,,
381,Donnie-Brasco,88.0,89.0
382,Donnie-Darko,86.0,80.0
383,Doors,57.0,79.0
384,Double-Indemnity,97.0,95.0
385,Drag-Me-to-Hell,92.0,62.0
386,Dragonslayer,84.0,62.0
387,Dragonslayer,90.0,61.0
388,Drive,92.0,79.0
389,Drive,0.0,17.0
390,Drive-Angry,47.0,37.0
391,Drop-Dead-Gorgeous,45.0,75.0
392,Dry-White-Season,,
393,Duck-Soup,92.0,91.0
394,Dumb-and-Dumber,68.0,84.0
395,Dune,53.0,66.0
396,E.T.,,
397,Eagle-Eye,26.0,62.0
398,Eastern-Promises,89.0,83.0
399,Easy-A,85.0,77.0
400,Ed-TV,,
401,Ed-Wood,92.0,88.0
402,Edward-Scissorhands,90.0,91.0
403,Eight-Legged-Freaks,48.0,32.0
404,El-Mariachi,93.0,76.0
405,Election,92.0,79.0
406,Elephant-Man,92.0,93.0
407,Elizabeth:-The-Golden-Age,34.0,59.0
408,Elvis,,
409,Enemy-of-the-State,72.0,78.0
410,English-Patient,85.0,83.0
411,Enough,22.0,67.0
412,Entrapment,39.0,50.0
413,Equilibrium,41.0,81.0
414,Erik-the-Viking,47.0,58.0
415,Erin-Brockovich,84.0,81.0
416,Escape-From-L.A.,,
417,Escape-From-New-York,86.0,77.0
418,Eternal-Sunshine-of-the-Spotless-Mind,93.0,94.0
419,Even-Cowgirls-Get-the-Blues,,
420,Event-Horizon,28.0,61.0
421,Evil-Dead,95.0,84.0
422,Evil-Dead,62.0,63.0
423,Evil-Dead-II:-Dead-by-Dawn,,
424,Ex-Machina,92.0,86.0
425,Excalibur,80.0,80.0
426,Executive-Decision,,
427,eXistenZ,74.0,69.0
428,Extract,62.0,38.0
429,Eyes-Wide-Shut,75.0,73.0
430,Fabulous-Baker-Boys,,
431,Face-Off,,
432,Fair-Game,12.0,14.0
433,Fair-Game,79.0,65.0
434,FairyTale:-A-True-Story,,
435,Family-Man,53.0,67.0
436,Fantastic-Four,27.0,45.0
437,Fantastic-Four,9.0,18.0
438,Fantastic-Mr-Fox,,
439,Fargo,94.0,93.0
440,Fast-Times-at-Ridgemont-High,76.0,80.0
441,Fatal-Instinct,18.0,40.0
442,Fault-in-Our-Stars,81.0,85.0
443,Fear-and-Loathing-in-Las-Vegas,49.0,89.0
444,Feast,57.0,59.0
445,Ferris-Bueller's-Day-Off,81.0,92.0
446,Field-of-Dreams,87.0,86.0
447,Fifth-Element,70.0,86.0
448,Fight-Club,79.0,96.0
449,Fighter,90.0,89.0
450,Final-Destination,35.0,68.0
451,Final-Destination,28.0,35.0
452,Final-Destination-2,48.0,58.0
453,Finding-Nemo,99.0,86.0
454,First-Cow,96.0,56.0
455,Five-Easy-Pieces,88.0,84.0
456,Flash-Gordon,83.0,69.0
457,Fletch,77.0,81.0
458,Flight,78.0,75.0
459,Flintstones,22.0,24.0
460,Forrest-Gump,71.0,95.0
461,Four-Feathers,100.0,85.0
462,Four-Feathers,41.0,65.0
463,Four-Rooms,13.0,69.0
464,Foxcatcher,87.0,66.0
465,Fracture,71.0,73.0
466,Frances,66.0,77.0
467,Frankenstein,17.0,47.0
468,Frankenstein,100.0,35.0
469,Frankenweenie,87.0,70.0
470,Freaked,,
471,Freddy-vs.-Jason,41.0,50.0
472,French-Connection,98.0,87.0
473,Frequency,70.0,81.0
474,Friday-the-13th,64.0,61.0
475,Friday-the-13th,26.0,46.0
476,Friday-the-13th-Part-VIII:-Jason-Takes-Manhattan,8.0,27.0
477,Fright-Night,92.0,76.0
478,Fright-Night,72.0,59.0
479,Fright-Night-(1985),,
480,From-Dusk-Till-Dawn,62.0,76.0
481,From-Here-to-Eternity,92.0,84.0
482,Frozen,63.0,46.0
483,Frozen,90.0,85.0
484,Frozen-(Disney),,
485,Frozen-River,88.0,74.0
486,Fruitvale-Station,94.0,87.0
487,Fugitive,86.0,61.0
488,Fugitive,96.0,89.0
489,Full-Metal-Jacket,92.0,94.0
490,Funny-People,69.0,48.0
491,Fury,75.0,49.0
492,Fury,100.0,89.0
493,Fury,76.0,84.0
494,G.I.-Jane,51.0,53.0
495,G.I.-Joe:-The-Rise-of-Cobra,34.0,50.0
496,Game-6,61.0,38.0
497,Game,74.0,84.0
498,Gamer,30.0,39.0
499,Gandhi,85.0,92.0
500,Gang-Related,53.0,65.0
501,Gangs-of-New-York,73.0,81.0
502,Garden-State,86.0,88.0
503,Gattaca,82.0,87.0
504,Get-Carter,84.0,85.0
505,Get-Carter,11.0,28.0
506,Get-Low,85.0,75.0
507,Get-on-Up,80.0,68.0
508,Get-Out,98.0,86.0
509,Get-Shorty,88.0,70.0
510,Getaway,86.0,81.0
511,Getaway,32.0,28.0
512,Getaway,3.0,35.0
513,Ghost,74.0,80.0
514,Ghost-and-the-Darkness,49.0,75.0
515,Ghost-Rider,26.0,48.0
516,Ghost-Ship,16.0,37.0
517,Ghost-World,93.0,84.0
518,Ghostbusters,74.0,50.0
519,Ghostbusters-2,54.0,61.0
520,Ginger-Snaps,89.0,78.0
521,Girl-with-the-Dragon-Tattoo,86.0,86.0
522,Girl-with-the-Dragon-Tattoo,85.0,87.0
523,Gladiator,31.0,68.0
524,Gladiator,77.0,87.0
525,Glengarry-Glen-Gross,,
526,Go,91.0,78.0
527,Godfather,98.0,98.0
528,Godfather-Part-II,,
529,Godfather-Part-III,,
530,Gods-and-Monsters,95.0,83.0
531,Godzilla,15.0,28.0
532,Godzilla,76.0,66.0
533,Gone-Baby-Gone,94.0,86.0
534,Gone-in-60-Seconds,43.0,66.0
535,Good-Girl,,
536,Good-Will-Hunting,97.0,94.0
537,Goodfellas,96.0,97.0
538,Gothika,15.0,45.0
539,Grabbers,72.0,51.0
540,Graduate,87.0,90.0
541,Gran-Torino,81.0,90.0
542,Grand-Hotel,86.0,77.0
543,Grand-Theft-Parsons,46.0,52.0
544,Grapes-of-Wrath,100.0,88.0
545,Gravity,96.0,80.0
546,Great-Gatsby,39.0,47.0
547,Great-Gatsby,48.0,67.0
548,Green-Mile,78.0,94.0
549,Gremlins,85.0,78.0
550,Gremlins-2,,
551,Grifters,91.0,70.0
552,Grosse-Point-Blank,,
553,Groundhog-Day,96.0,88.0
554,Grudge,40.0,46.0
555,Grudge,20.0,23.0
556,Guardians-of-the-Galaxy-Vol-2,,
557,Hackers,33.0,68.0
558,Hall-Pass,33.0,40.0
559,Halloween,96.0,89.0
560,Halloween,27.0,59.0
561,Halloween,79.0,70.0
562,Halloween:-The-Curse-of-Michael-Myers,,
563,Hancock,41.0,59.0
564,Hangover,78.0,84.0
565,Hanna,71.0,66.0
566,Hannah-and-Her-Sisters,91.0,90.0
567,Hannibal,39.0,62.0
568,Happy-Birthday,,
569,Happy-Feet,76.0,70.0
570,Hard-Rain,30.0,34.0
571,Hard-to-Kill,38.0,47.0
572,Harold-and-Kumar-Go-to-White-Castle,,
573,Harry-Potter-and-the-Chamber-of-Secrets,82.0,80.0
574,Harry-Potter-and-the-Deathly-Hallows-Part-1,,
575,Harry-Potter-and-the-Goblet-of-Fire,88.0,74.0
576,Harry-Potter-and-the-Half-Blood-Prince,84.0,78.0
577,Harry-Potter-and-the-Prisoner-of-Azkaban,90.0,86.0
578,Harry-Potter-and-the-Sorcerer's-Stone,81.0,82.0
579,Haunting,88.0,82.0
580,Haunting,16.0,28.0
581,He's-Just-Not-That-Into-You,42.0,59.0
582,Heat,17.0,26.0
583,Heat,87.0,94.0
584,Heat,66.0,71.0
585,Heathers,93.0,83.0
586,Heavenly-Creatures,92.0,83.0
587,Heavy-Metal,60.0,67.0
588,Hebrew-Hammer,46.0,64.0
589,Heist,66.0,60.0
590,Heist,29.0,41.0
591,Hellbound:-Hellraiser-II,50.0,58.0
592,Hellboy,81.0,66.0
593,Hellboy,18.0,49.0
594,Hellboy-2:-The-Golden-Army,,
595,Hellraiser,72.0,72.0
596,Hellraiser-3:-Hell-on-Earth,,
597,Hellraiser:-Deader,14.0,26.0
598,Hellraiser:-Hellseeker,0.0,33.0
599,Help,76.0,89.0
600,Henry-Fool,89.0,82.0
601,Henry's-Crime,42.0,25.0
602,Her,95.0,82.0
603,Hesher,55.0,61.0
604,High-Fidelity,91.0,90.0
605,Highlander,69.0,79.0
606,Highlander:-Endgame,11.0,38.0
607,Hills-Have-Eyes,65.0,54.0
608,Hills-Have-Eyes,52.0,58.0
609,His-Girl-Friday,98.0,90.0
610,Hitchcock,60.0,60.0
611,Hitchhiker's-Guide-to-the-Galaxy,60.0,65.0
612,Hollow-Man,27.0,28.0
613,Honeydripper,69.0,57.0
614,Horrible-Bosses,69.0,70.0
615,Horse-Whisperer,74.0,72.0
616,Hospital,100.0,73.0
617,Hostage,35.0,62.0
618,Hot-Tub-Time-Machine,64.0,56.0
619,Hotel-Rwanda,91.0,94.0
620,House-of-1000-Corpses,20.0,65.0
621,How-to-Lose-Friends-&-Alienate-People,37.0,42.0
622,How-to-Train-Your-Dragon,99.0,91.0
623,How-to-Train-Your-Dragon-2,91.0,90.0
624,Hudson-Hawk,30.0,56.0
625,Hudsucker-Proxy,59.0,79.0
626,Human-Nature,49.0,61.0
627,Hunt-for-Red-October,89.0,88.0
628,Hurt-Locker,97.0,84.0
629,I-Am-Number-Four,33.0,57.0
630,I-am-Sam,35.0,87.0
631,I-Love-You-Phillip-Morris,71.0,61.0
632,I-Spit-on-Your-Grave,32.0,47.0
633,I-Still-Know-What-You-Did-Last-Summer,7.0,29.0
634,I'll-Do-Anything,61.0,42.0
635,I,,
636,Ice-Storm,85.0,82.0
637,Ides-of-March,84.0,73.0
638,Imaginarium-of-Doctor-Parnassus,64.0,60.0
639,In-the-Bedroom,93.0,81.0
640,In-the-Loop,94.0,82.0
641,Inception,87.0,91.0
642,Incredibles,97.0,75.0
643,Independence-Day,67.0,75.0
644,Indiana-Jones-and-the-Last-Crusade,88.0,94.0
645,Indiana-Jones-and-the-Raiders-of-the-Lost-Ark,,
646,Indiana-Jones-and-the-Temple-of-Doom,84.0,81.0
647,Indiana-Jones-IV,,
648,Informant,89.0,62.0
649,Inglourious-Basterds,89.0,88.0
650,Innerspace,82.0,65.0
651,Insider,96.0,90.0
652,Insidious,66.0,62.0
653,Insomnia,92.0,77.0
654,Insomnia,97.0,77.0
655,Interstellar,72.0,86.0
656,Interview-with-the-Vampire,63.0,86.0
657,Into-the-Wild,83.0,89.0
658,Into-the-Woods,71.0,49.0
659,Intolerable-Cruelty,75.0,48.0
660,Inventing-the-Abbotts,31.0,52.0
661,Invention-of-Lying,56.0,39.0
662,Invictus,77.0,75.0
663,Iron-Lady,52.0,51.0
664,Island,40.0,51.0
665,It,87.0,81.0
666,It,85.0,84.0
667,It-Happened-One-Night,98.0,93.0
668,It-Happened-One-Night,98.0,93.0
669,It's-a-Wonderful-Life,94.0,95.0
670,It's-Complicated,58.0,60.0
671,Italian-Job,83.0,86.0
672,Italian-Job,73.0,80.0
673,Jacket,44.0,73.0
674,Jackie-Brown,87.0,85.0
675,Jacob's-Ladder,73.0,84.0
676,Jacob's-Ladder,4.0,39.0
677,Jade,14.0,27.0
678,Jane-Eyre,100.0,83.0
679,Jane-Eyre,84.0,76.0
680,Jason-X,20.0,25.0
681,Jaws,98.0,90.0
682,Jaws-2,58.0,38.0
683,Jay-and-Silent-Bob-Strike-Back,52.0,75.0
684,Jennifer-Eight,,
685,Jennifer's-Body,45.0,34.0
686,Jerry-Maguire,,
687,Jeux-Interdits,,
688,JFK,84.0,88.0
689,Jimmy-and-Judy,50.0,68.0
690,John-Q,23.0,78.0
691,John-Wick,87.0,81.0
692,Jojo-Rabbit,,
693,Joker,68.0,88.0
694,Judge-Dredd,20.0,30.0
695,Juno,94.0,88.0
696,Jurassic-Park,91.0,91.0
697,Jurassic-Park-III,49.0,36.0
698,Jurassic-Park:-The-Lost-World,,
699,Kafka,,
700,Kalifornia,59.0,64.0
701,Kate-&-Leopold,50.0,62.0
702,Kids,,
703,Kids-Are-All-Right,92.0,74.0
704,Kill-Bill-Volume-1-&-2,,
705,Kill-Your-Darlings,77.0,60.0
706,Killers-of-the-Flower-Moon,,
707,Killing-Zoe,36.0,64.0
708,King-Kong,98.0,86.0
709,King-Kong,53.0,31.0
710,King-Kong,84.0,50.0
711,King-of-Comedy,89.0,90.0
712,King's-Speech,94.0,92.0
713,Kingdom,51.0,76.0
714,Kiss-of-the-Spider-Woman,87.0,81.0
715,Klute,93.0,80.0
716,Knocked-Up,90.0,83.0
717,Kramer-vs-Kramer,,
718,Kundun,,
719,Kung-Fu-Panda,87.0,83.0
720,L.A.-Confidential,99.0,94.0
721,La-La-Land,91.0,81.0
722,Labor-of-Love,,
723,Labyrinth,72.0,86.0
724,Ladykillers,100.0,87.0
725,Ladykillers,54.0,43.0
726,Lake-Placid,47.0,37.0
727,Land-of-the-Dead,74.0,51.0
728,Larry-Crowne,37.0,41.0
729,Last-Boy-Scout,47.0,68.0
730,Last-Chance-Harvey,71.0,53.0
731,Last-Flight,,
732,Last-of-the-Mohicans,93.0,88.0
733,Last-Samurai,66.0,83.0
734,Last-Station,71.0,67.0
735,Last-Tango-in-Paris,83.0,76.0
736,Law-Abiding-Citizen,26.0,75.0
737,Le-Diable-par-la-Queue,,
738,Leaving-Las-Vegas,91.0,85.0
739,Legally-Blonde,70.0,72.0
740,Legend,38.0,73.0
741,Legend,61.0,59.0
742,Legion,19.0,31.0
743,Legion,,
744,LEGO-Movie,96.0,87.0
745,Les-Miserables,83.0,85.0
746,Les-Miserables,74.0,83.0
747,Les-Tontons-Flingueurs,,
748,Lethal-Weapon,81.0,86.0
749,Lethal-Weapon-4,54.0,64.0
750,Leviathan,98.0,80.0
751,Leviathan,24.0,26.0
752,Leviathan,83.0,54.0
753,Liar-Liar,,
754,Life,50.0,77.0
755,Life,64.0,44.0
756,Life,67.0,54.0
757,Life-As-A-House,47.0,88.0
758,Life-of-David-Gale,19.0,81.0
759,Life-of-Pi,87.0,84.0
760,Light-Sleeper,87.0,64.0
761,Limey,92.0,78.0
762,Limitless,69.0,74.0
763,Lincoln,89.0,81.0
764,Lincoln-Lawyer,83.0,82.0
765,Lion-King,93.0,93.0
766,Lion-King,52.0,88.0
767,Little-Athens,,
768,Little-Men,14.0,79.0
769,Little-Men,97.0,63.0
770,Little-Mermaid,93.0,88.0
771,Little-Nicky,22.0,56.0
772,Living-in-Oblivion,88.0,87.0
773,Lock,,
774,Logan,93.0,90.0
775,Logan's-Run,62.0,67.0
776,Lone-Star,94.0,83.0
777,Long-Kiss-Goodnight,70.0,70.0
778,Looper,93.0,82.0
779,Lord-of-Illusions,60.0,52.0
780,Lord-of-the-Rings:-Fellowship-of-the-Ring,,
781,Lord-of-the-Rings:-Return-of-the-King,,
782,Lord-of-the-Rings:-The-Two-Towers,95.0,95.0
783,Lord-of-War,61.0,84.0
784,Losers,48.0,54.0
785,Lost-Highway,61.0,87.0
786,Lost-Horizon,20.0,45.0
787,Lost-Horizon,93.0,83.0
788,Lost-in-Space,28.0,24.0
789,Lost-in-Translation,95.0,85.0
790,Love-and-Basketball,83.0,95.0
791,Machete,72.0,63.0
792,Machine-Gun-Preacher,27.0,62.0
793,Mad-Max-2:-The-Road-Warrior,93.0,86.0
794,Made,71.0,67.0
795,Magnolia,83.0,89.0
796,Majestic,42.0,60.0
797,Major-League,83.0,84.0
798,Malcolm-X,88.0,91.0
799,Malibu's-Most-Wanted,31.0,54.0
800,Man-in-the-Iron-Mask,32.0,55.0
801,Man-On-Fire,38.0,89.0
802,Man-on-the-Moon,63.0,79.0
803,Man-Trouble,,
804,Man-Who-Knew-Too-Much,88.0,68.0
805,Man-Who-Knew-Too-Much,87.0,84.0
806,Man-Who-Wasn't-There,81.0,85.0
807,Manchurian-Candidate,97.0,90.0
808,Manchurian-Candidate,80.0,63.0
809,Manhattan-Murder-Mystery,93.0,84.0
810,Manhunter,93.0,77.0
811,Margaret,74.0,48.0
812,Margin-Call,87.0,74.0
813,Margot-at-the-Wedding,52.0,40.0
814,Mariachi,,
815,Marley-&-Me,62.0,75.0
816,Martha-Marcy-May-Marlene,90.0,71.0
817,Martian,91.0,91.0
818,Marty,98.0,87.0
819,Mary-Poppins,100.0,86.0
820,Mask,77.0,68.0
821,Master-and-Commander,,
822,Master,85.0,61.0
823,Matchstick-Men,82.0,74.0
824,Matrix-Reloaded,73.0,72.0
825,Matrix,88.0,85.0
826,Max-Payne,16.0,29.0
827,Mean-Streets,95.0,84.0
828,Mechanic,25.0,66.0
829,Mechanic,53.0,51.0
830,Meet-Joe-Black,45.0,81.0
831,Meet-John-Doe,91.0,83.0
832,Megamind,72.0,72.0
833,Memento,93.0,94.0
834,Men-in-Black,92.0,79.0
835,Men-in-Black-3,,
836,Men-Who-Stare-at-Goats,50.0,39.0
837,Metro,15.0,27.0
838,Miami-Vice,47.0,43.0
839,Midnight-Cowboy,88.0,88.0
840,Midnight-Express,96.0,89.0
841,Midnight-in-Paris,93.0,83.0
842,Mighty-Joe-Young,95.0,63.0
843,Mighty-Joe-Young,54.0,40.0
844,Mighty-Morphin-Power-Rangers:-The-Movie,,
845,Milk,93.0,89.0
846,Miller's-Crossing,92.0,90.0
847,Mimic,,
848,Mini's-First-Time,,
849,Minority-Report,90.0,80.0
850,Miracle-Worker,96.0,88.0
851,Mirrors,15.0,44.0
852,Misery,90.0,89.0
853,Mission-Impossible,,
854,Mission-Impossible-II,,
855,Mission-to-Mars,24.0,30.0
856,Moneyball,94.0,86.0
857,Monkeybone,19.0,27.0
858,Monster's-Ball,85.0,67.0
859,Monte-Carlo,40.0,49.0
860,Moon,90.0,89.0
861,Moonrise-Kingdom,94.0,86.0
862,Moonstruck,93.0,81.0
863,Mr-Blandings-Builds-His-Dream-House,,
864,Mr-Brooks,,
865,Mr-Deeds-Goes-to-Town,,
866,Mr.-Holland's-Opus,75.0,84.0
867,Mrs.-Brown,92.0,78.0
868,Mud,97.0,80.0
869,Mulan,86.0,85.0
870,Mulholland-Drive,83.0,87.0
871,Mumford,57.0,66.0
872,Mummy,88.0,72.0
873,Mummy,89.0,64.0
874,Mummy,61.0,75.0
875,Mummy,16.0,35.0
876,Music-of-the-Heart,63.0,72.0
877,Mute-Witness,,
878,My-Best-Friend's-Wedding,73.0,73.0
879,My-Girl,53.0,77.0
880,My-Mother-Dreams-the-Satan's-Disciples-in-New-York,,
881,My-Week-with-Marilyn,83.0,71.0
882,Mystery-Men,61.0,57.0
883,Napoleon-Dynamite,71.0,74.0
884,Nashville,90.0,84.0
885,Natural-Born-Killers,48.0,81.0
886,Never-Been-Kissed,55.0,69.0
887,Neverending-Story,80.0,81.0
888,New-York-Minute,11.0,47.0
889,Newsies,39.0,88.0
890,Next,28.0,53.0
891,Next-Friday,22.0,76.0
892,Next-Three-Days,50.0,66.0
893,Ni-vu-ni-connu,,
894,Nick-of-Time,32.0,47.0
895,Night-Time-(The-Poltergeist-Treatment),,
896,Nightbreed,39.0,60.0
897,Nightmare-Before-Christmas,95.0,91.0
898,Nightmare-Before-Christmas,95.0,91.0
899,Nightmare-on-Elm-Street,,
900,Nightmare-on-Elm-Street:-The-Final-Chapter,,
901,Nine,39.0,37.0
902,Nines,65.0,61.0
903,Ninja-Assassin,26.0,54.0
904,Ninotchka,97.0,89.0
905,Ninth-Gate,43.0,57.0
906,No-Country-for-Old-Men,93.0,86.0
907,No-Strings-Attached,49.0,51.0
908,Notting-Hill,83.0,79.0
909,Nurse-Betty,83.0,45.0
910,O-Brother-Where-Art-Thou?,,
911,Oblivion,53.0,61.0
912,Observe-and-Report,51.0,37.0
913,Obsessed,19.0,46.0
914,Ocean's-Eleven,82.0,80.0
915,Ocean's-Twelve,55.0,60.0
916,Office-Space,80.0,93.0
917,Officer-and-a-Gentleman,,
918,Omega-Man,65.0,53.0
919,One-Flew-Over-the-Cuckoo's-Nest,94.0,96.0
920,Only-God-Forgives,41.0,37.0
921,Ordinary-People,89.0,88.0
922,Orgy-of-the-Dead,0.0,22.0
923,Orphan,56.0,63.0
924,Other-Boleyn-Girl,43.0,62.0
925,Out-of-Sight,93.0,74.0
926,Outbreak,60.0,56.0
927,Pacifier,21.0,59.0
928,Pandorum,30.0,49.0
929,Panic-Room,75.0,63.0
930,Papadopoulos-&-Sons,71.0,52.0
931,ParaNorman,89.0,72.0
932,Pariah,43.0,49.0
933,Pariah,95.0,82.0
934,Passengers,19.0,35.0
935,Passengers,31.0,63.0
936,Passion-of-Joan-of-Arc,,
937,Patriot,61.0,81.0
938,Paul,70.0,62.0
939,Pearl-Harbor,24.0,66.0
940,Peeping-Tom,96.0,85.0
941,Peggy-Sue-Got-Married,86.0,55.0
942,Perfect-Creature,,
943,Perfect-World,,
944,Perks-of-Being-a-Wallflower,86.0,89.0
945,Pet-Sematary,51.0,59.0
946,Pet-Sematary,58.0,33.0
947,Pet-Sematary-II,,
948,Petulia,86.0,81.0
949,Philadelphia,80.0,89.0
950,Phone-Booth,72.0,64.0
951,Pi,88.0,85.0
952,Pianist,95.0,96.0
953,Piano,92.0,86.0
954,Pineapple-Express,68.0,73.0
955,Pirates-of-the-Caribbean,,
956,Pirates-of-the-Caribbean:-Dead-Man's-Chest,53.0,72.0
957,Pitch-Black,59.0,77.0
958,Planet-of-the-Apes,87.0,87.0
959,Planet-of-the-Apes,44.0,27.0
960,Platinum-Blonde,88.0,66.0
961,Platoon,88.0,93.0
962,Pleasantville,85.0,79.0
963,Point-Break,70.0,79.0
964,Point-Break,11.0,29.0
965,Pokemon:-Mewtwo-Returns,,
966,Postman,8.0,50.0
967,Power-of-One,39.0,87.0
968,Precious,,
969,Predator,81.0,87.0
970,Predator,32.0,33.0
971,Prestige,76.0,92.0
972,Pretty-Woman,63.0,68.0
973,Pretty-Woman-(final-script),,
974,Pride-and-Prejudice,100.0,77.0
975,Pride-and-Prejudice,66.0,56.0
976,Pride-and-Prejudice,86.0,89.0
977,Priest,15.0,46.0
978,Princess-Bride,97.0,94.0
979,Private-Life-of-Sherlock-Holmes,92.0,73.0
980,Producer,,
981,Program,43.0,80.0
982,Program,62.0,43.0
983,Prom-Night,48.0,35.0
984,Prom-Night,7.0,38.0
985,Prometheus,73.0,68.0
986,Prophecy,24.0,36.0
987,Prophecy,43.0,64.0
988,Proposal,45.0,67.0
989,Psycho,38.0,28.0
990,Psycho,96.0,95.0
991,Public-Enemies,68.0,59.0
992,Pulp-Fiction,92.0,96.0
993,Punch-Drunk-Love,79.0,77.0
994,Purple-Rain,70.0,78.0
995,Quantum-Project,,
996,Queen-of-the-Damned,17.0,66.0
997,Queen,96.0,76.0
998,Queen,96.0,62.0
999,Rachel-Getting-Married,84.0,62.0
1000,Raging-Bull,93.0,93.0
1001,Raising-Arizona,91.0,85.0
1002,Rambling-Rose,100.0,53.0
1003,Rambo:-First-Blood-II:-The-Mission,,
1004,Reader,63.0,79.0
1005,Real-Genius,73.0,83.0
1006,Rear-Window,99.0,95.0
1007,Rebel-Without-A-Cause,94.0,88.0
1008,Red-Planet,14.0,28.0
1009,Red-Riding-Hood,10.0,39.0
1010,Reindeer-Games,,
1011,Relic,36.0,34.0
1012,Relic,91.0,49.0
1013,Remember-Me,27.0,69.0
1014,Replacements,41.0,66.0
1015,Repo-Man,98.0,78.0
1016,Rescuers-Down-Under,70.0,68.0
1017,Reservoir-Dogs,92.0,94.0
1018,Resident-Evil,36.0,67.0
1019,Return-of-the-Apes,,
1020,Revenant,58.0,50.0
1021,Revenant,78.0,84.0
1022,Revolutionary-Road,67.0,71.0
1023,Ringu,,
1024,Rise-of-the-Guardians,75.0,80.0
1025,Rise-of-the-Planet-of-the-Apes,82.0,77.0
1026,RKO-281,,
1027,Road,73.0,68.0
1028,Road,65.0,59.0
1029,Robin-Hood:-Prince-of-Thieves,51.0,72.0
1030,Robocop,90.0,84.0
1031,Robocop,48.0,49.0
1032,Rock,66.0,85.0
1033,RocknRolla,60.0,71.0
1034,Rocky,94.0,69.0
1035,Rocky-Horror-Picture-Show,80.0,85.0
1036,Romeo-&-Juliet,,
1037,Ronin,68.0,80.0
1038,Room,93.0,93.0
1039,Roommate,3.0,27.0
1040,Roughshod,,
1041,Ruins,48.0,30.0
1042,Runaway-Bride,46.0,53.0
1043,Rush,71.0,72.0
1044,Rush,88.0,88.0
1045,Rush-Hour,61.0,78.0
1046,Rush-Hour-2,52.0,74.0
1047,Rushmore,89.0,91.0
1048,Rust-and-Bone,,
1049,S.-Darko,,
1050,Saint,30.0,63.0
1051,Saint,55.0,29.0
1052,Salton-Sea,64.0,82.0
1053,Sandlot-Kids,,
1054,Save-the-Last-Dance,53.0,59.0
1055,Saving-Mr.-Banks,79.0,84.0
1056,Saving-Private-Ryan,93.0,95.0
1057,Saw,49.0,84.0
1058,Scarface,98.0,86.0
1059,Scarface,82.0,93.0
1060,Scary-Movie-2,15.0,52.0
1061,Schindler's-List,97.0,97.0
1062,Scott-Pilgrim-vs-the-World,,
1063,Scream,78.0,79.0
1064,Scream-2,81.0,57.0
1065,Scream-3,39.0,37.0
1066,Se7en,,
1067,Searchers,98.0,88.0
1068,Secret-Life-of-Walter-Mitty,71.0,81.0
1069,Secret-Life-of-Walter-Mitty,52.0,71.0
1070,Semi-Pro,22.0,38.0
1071,Sense-and-Sensibility,,
1072,Serenity,82.0,91.0
1073,Serenity,20.0,29.0
1074,Serial-Mom,63.0,72.0
1075,Sessions,91.0,80.0
1076,Seventh-Seal,,
1077,Sex-and-the-City,50.0,77.0
1078,Sex,,
1079,Sexual-Life,,
1080,Shadow-of-the-Vampire,82.0,74.0
1081,Shakespeare-in-Love,92.0,80.0
1082,Shallow-Grave,69.0,83.0
1083,Shame,79.0,75.0
1084,Shampoo,60.0,52.0
1085,Shawshank-Redemption,91.0,98.0
1086,She's-Out-of-My-League,58.0,59.0
1087,Sherlock-Holmes,69.0,77.0
1088,Shifty,96.0,67.0
1089,Shining,84.0,93.0
1090,Shipping-News,55.0,61.0
1091,Shivers,,
1092,Shrek,88.0,90.0
1093,Shrek-the-Third,41.0,52.0
1094,Sicario,92.0,85.0
1095,Sideways,97.0,79.0
1096,Siege,44.0,53.0
1097,Signs,74.0,67.0
1098,Silence-of-the-Lambs,96.0,95.0
1099,Silver-Bullet,,
1100,Silver-Linings-Playbook,92.0,86.0
1101,Simone,50.0,35.0
1102,Single-White-Female,54.0,44.0
1103,Sister-Act,74.0,65.0
1104,Six-Degrees-of-Separation,88.0,71.0
1105,Sixth-Sense,86.0,90.0
1106,Sleepless-in-Seattle,,
1107,Sleepy-Hollow,69.0,80.0
1108,Sling-Blade,96.0,92.0
1109,Slither,86.0,63.0
1110,Slumdog-Millionaire,91.0,90.0
1111,Smashed,83.0,68.0
1112,Smokin'-Aces,30.0,62.0
1113,Snatch,73.0,93.0
1114,Sneakers,79.0,80.0
1115,Snow-Falling-On-Cedars,39.0,68.0
1116,Snow-White-and-the-Huntsman,49.0,52.0
1117,So-I-Married-an-Axe-Murderer,53.0,68.0
1118,Social-Network,96.0,86.0
1119,Solaris,66.0,59.0
1120,Soldier,13.0,44.0
1121,Someone-To-Watch-Over-Me,67.0,41.0
1122,Something's-Gotta-Give,72.0,69.0
1123,Source-Code,92.0,82.0
1124,South-Park,,
1125,Space-Milkshake,,
1126,Spanglish,53.0,60.0
1127,Spare-Me,,
1128,Spartan,65.0,62.0
1129,Speed,94.0,76.0
1130,Speed-Racer,40.0,60.0
1131,Sphere,11.0,38.0
1132,Spider-Man,90.0,67.0
1133,St.-Elmo's-Fire,44.0,68.0
1134,Star-Trek,94.0,91.0
1135,Star-Trek-II:-The-Wrath-of-Khan,88.0,90.0
1136,Star-Trek:-First-Contact,92.0,89.0
1137,Star-Trek:-Generations,,
1138,Star-Trek:-Nemesis,38.0,49.0
1139,Star-Trek:-The-Motion-Picture,41.0,42.0
1140,Star-Wars:-A-New-Hope,,
1141,Star-Wars:-Attack-of-the-Clones,,
1142,Star-Wars:-Return-of-the-Jedi,,
1143,Star-Wars:-Revenge-of-the-Sith,,
1144,Star-Wars:-The-Empire-Strikes-Back,,
1145,Star-Wars:-The-Force-Awakens,,
1146,Star-Wars:-The-Phantom-Menace,,
1147,Starman,85.0,69.0
1148,Starship-Troopers,65.0,70.0
1149,State-and-Main,86.0,70.0
1150,Station-West,,
1151,Stepmom,45.0,75.0
1152,Sting,94.0,95.0
1153,Stir-of-Echoes,67.0,70.0
1154,Storytelling,53.0,67.0
1155,Straight-Outta-Compton,89.0,85.0
1156,Strange-Days,,
1157,Strangers-on-a-Train,,
1158,Stuntman,,
1159,Sugar,92.0,80.0
1160,Sugar-and-Spice,,
1161,Sunset-Blvd.,,
1162,Sunshine-Cleaning,74.0,63.0
1163,Super-8,81.0,75.0
1164,Superbad,88.0,87.0
1165,Superfights,,
1166,Supergirl,9.0,26.0
1167,Surfer-King,,
1168,Surrogates,37.0,38.0
1169,Suspect-Zero,18.0,38.0
1170,Sweeney-Todd:-The-Demon-Barber-of-Fleet-Street,86.0,81.0
1171,Sweet-Hereafter,98.0,86.0
1172,Sweet-Smell-of-Success,98.0,92.0
1173,Swingers,87.0,89.0
1174,Swordfish,25.0,59.0
1175,Synecdoche,,
1176,Syriana,73.0,67.0
1177,Take-Shelter,92.0,81.0
1178,Taking-Lives,22.0,55.0
1179,Taking-of-Pelham-One-Two-Three,100.0,88.0
1180,Taking-Sides,,
1181,Talented-Mr.-Ripley,83.0,80.0
1182,Tall-in-the-Saddle,,
1183,Tamara-Drewe,65.0,42.0
1184,Taxi-Driver,96.0,93.0
1185,Ted,69.0,73.0
1186,Tenet,,
1187,Terminator,100.0,89.0
1188,Terminator-2:-Judgement-Day,,
1189,Terminator-Salvation,33.0,54.0
1190,The-Rage:-Carrie-2,,
1191,Thelma-&-Louise,84.0,82.0
1192,Theory-of-Everything,80.0,84.0
1193,There's-Something-About-Mary,83.0,61.0
1194,They,38.0,24.0
1195,Thing,85.0,92.0
1196,Thing,34.0,42.0
1197,Things-My-Father-Never-Taught-Me,,
1198,Thirteen-Days,83.0,80.0
1199,This-Boy's-Life,76.0,79.0
1200,This-is-40,51.0,50.0
1201,Thor,77.0,76.0
1202,Thor-Ragnarok,,
1203,Three-Kings,94.0,77.0
1204,Three-Kings-(Spoils-of-War),,
1205,Three-Men-and-a-Baby,,
1206,Three-Musketeers,78.0,74.0
1207,Three-Musketeers,86.0,78.0
1208,Three-Musketeers,28.0,62.0
1209,Three-Musketeers,26.0,39.0
1210,Thunderbirds,19.0,36.0
1211,Thunderheart,89.0,75.0
1212,Ticker,,
1213,Timber-Falls,38.0,28.0
1214,Time-Machine,76.0,79.0
1215,Time-Machine,29.0,37.0
1216,Tin-Cup,71.0,65.0
1217,Tin-Men,77.0,63.0
1218,Tinker-Tailor-Soldier-Spy,83.0,65.0
1219,Titanic,91.0,66.0
1220,Titanic,89.0,69.0
1221,TMNT,35.0,60.0
1222,To-Sleep-with-Anger,88.0,78.0
1223,Tombstone,,
1224,Tomorrow-Never-Dies,57.0,53.0
1225,Top-Gun,54.0,83.0
1226,Total-Recall,82.0,78.0
1227,Total-Recall,31.0,47.0
1228,Tourist,20.0,42.0
1229,Town,93.0,85.0
1230,Toy-Story,100.0,92.0
1231,Traffic,93.0,85.0
1232,Training-Day,73.0,89.0
1233,Trainspotting,91.0,93.0
1234,Transformers:-The-Movie,58.0,88.0
1235,Tremors,86.0,75.0
1236,Tristan-and-Isolde,,
1237,TRON,72.0,69.0
1238,TRON:-Legacy,,
1239,Tropic-Thunder,82.0,70.0
1240,Troy,54.0,73.0
1241,True-Grit,89.0,84.0
1242,True-Grit,96.0,85.0
1243,True-Lies,,
1244,True-Romance,93.0,93.0
1245,Truman-Show,95.0,89.0
1246,Twilight,60.0,30.0
1247,Twilight,49.0,73.0
1248,Twilight:-New-Moon,,
1249,Twin-Peaks,,
1250,Twins,43.0,39.0
1251,Twister,58.0,58.0
1252,Two-For-The-Money,22.0,48.0
1253,U-Turn,,
1254,Ugly-Truth,14.0,60.0
1255,Un-Singe-en-Hiver,,
1256,Unbreakable,70.0,77.0
1257,Under-Fire,90.0,69.0
1258,Unforgiven,60.0,59.0
1259,Unforgiven,96.0,93.0
1260,Unknown,54.0,55.0
1261,Up,98.0,90.0
1262,Up-in-the-Air,91.0,79.0
1263,Usual-Suspects,89.0,96.0
1264,V-for-Vendetta,73.0,90.0
1265,Valentine's-Day,18.0,47.0
1266,Valkyrie,62.0,65.0
1267,Vanilla-Sky,42.0,72.0
1268,Verdict,88.0,88.0
1269,Vertigo,94.0,93.0
1270,Very-Bad-Things,41.0,58.0
1271,Village,43.0,57.0
1272,Virtuosity,32.0,32.0
1273,Visitor,89.0,84.0
1274,Visitor,78.0,44.0
1275,Wag-the-Dog,85.0,76.0
1276,Walk-to-Remember,,
1277,Walking-Tall,75.0,71.0
1278,Walking-Tall,26.0,60.0
1279,Wall-Street,79.0,81.0
1280,Wall-Street:-Money-Never-Sleeps,55.0,44.0
1281,Wall-E,95.0,90.0
1282,Wanted,71.0,69.0
1283,War-for-the-Planet-of-the-Apes,94.0,84.0
1284,War-Horse,75.0,74.0
1285,War-of-the-Worlds,89.0,71.0
1286,War-of-the-Worlds,75.0,42.0
1287,Warm-Springs,,
1288,Warrior,83.0,92.0
1289,Watchmen,65.0,71.0
1290,Water-for-Elephants,60.0,70.0
1291,Way-Back,74.0,72.0
1292,Way-Back,84.0,84.0
1293,We-Own-the-Night,57.0,61.0
1294,What-About-Bob?,84.0,79.0
1295,What-Lies-Beneath,46.0,58.0
1296,When-a-Stranger-Calls,41.0,49.0
1297,When-a-Stranger-Calls,9.0,44.0
1298,When-Harry-Met-Sally,91.0,89.0
1299,While-She-Was-Out,31.0,17.0
1300,Whistleblower,75.0,71.0
1301,White-Christmas,77.0,88.0
1302,White-Jazz,,
1303,White-Ribbon,,
1304,White-Squall,58.0,65.0
1305,Whiteout,7.0,21.0
1306,Who-Framed-Roger-Rabbit?,97.0,84.0
1307,Who's-Your-Daddy,,
1308,Wild-At-Heart,,
1309,Wild-Bunch,90.0,91.0
1310,Wild-Hogs,14.0,61.0
1311,Wild-Things,62.0,53.0
1312,Wild-Things:-Diamonds-in-the-Rough,,
1313,Wild-Wild-West,17.0,28.0
1314,Willow,51.0,79.0
1315,Win-Win,94.0,85.0
1316,Wind-Chill,46.0,31.0
1317,Withnail-and-I,94.0,94.0
1318,Witness,93.0,80.0
1319,Wizard-of-Oz,98.0,89.0
1320,Wolf-of-Wall-Street,80.0,83.0
1321,Wonder-Boys,82.0,83.0
1322,Wonder-Woman,82.0,78.0
1323,Wonder-Woman,93.0,86.0
1324,Woodsman,88.0,77.0
1325,World-is-not-Enough,52.0,49.0
1326,Wrestler,98.0,88.0
1327,X-Files:-Fight-the-Future,66.0,72.0
1328,X-Men,81.0,83.0
1329,X-Men-Origins:-Wolverine,37.0,58.0
1330,xXx,48.0,58.0
1331,Year-One,14.0,23.0
1332,Yes-Man,46.0,66.0
1333,You-Can-Count-On-Me,95.0,88.0
1334,You've-Got-Mail,70.0,73.0
1335,Youth-in-Revolt,66.0,52.0
1336,Zero-Dark-Thirty,91.0,80.0
1337,Zerophilia,25.0,61.0
1338,Zootopia,98.0,92.0
